class,n,n_zero_dropped,n_unique,gamma_params,gamma_ks,gamma_p,lognorm_params,lognorm_ks,lognorm_p,weibull_params,weibull_ks,weibull_p,loglogistic_params,loglogistic_ks,loglogistic_p,pareto_params,pareto_ks,pareto_p,seed,class_
ag,1000,7,993,"(1.0946310243508495, 0, np.float64(0.001191295051924546))",0.043145289525858055,0.0481556492801426,"(np.float64(1.1147877016807726), 0, np.float64(0.0007738043304527051))",0.04656872341121787,0.026096293482201105,"(np.float64(1.0168655773749211), 0, np.float64(0.001313854690034989))",0.041766093377515356,0.06082854638903712,"(np.float64(1.6045095293435143), 0, np.float64(0.0008185568625401434))",0.030762767815600056,0.29816016284116276,"(np.float64(1.6045095293435143), 0, np.float64(0.0008185568625401434))",0.3719322316163788,8.624816495203997e-124,0,ag
nag,1000,247,753,"(0.89216486729572, 0, np.float64(1.921207009664012e-06))",0.0408455508121216,0.15765946532810626,"(np.float64(1.4357887577524713), 0, np.float64(8.894644564761821e-07))",0.10194242570583123,2.8881821056611117e-07,"(np.float64(0.9475124828071527), 0, np.float64(1.6750784893601646e-06))",0.04029465477105176,0.16868663408223228,"(np.float64(1.2911258524723968), 0, np.float64(1.0428397446428516e-06))",0.07214277444636341,0.0007466693482341106,"(np.float64(1.2911258524723968), 0, np.float64(1.0428397446428516e-06))",0.41864948881809766,4.3211854580230694e-120,0,nag
bg,1000,0,1000,"(10.363162511351646, 0, np.float64(3.319545074048169e-08))",0.02463040837561359,0.5702373294105492,"(np.float64(0.31936894403182475), 0, np.float64(3.2755213760204753e-07))",0.044954458530838126,0.03406219337816474,"(np.float64(3.3701735398351422), 0, np.float64(3.821853022561118e-07))",0.05102362689663531,0.010571733655980504,"(np.float64(0.10855804001145652), 0, np.float64(3.269999159177931e-07))",0.47626571396134865,6.535328256419631e-209,"(np.float64(0.10855804001145652), 0, np.float64(3.269999159177931e-07))",0.41492570730683637,2.2483388334365608e-156,0,bg
ag,1000,5,995,"(1.0155963645198198, 0, np.float64(0.0012789263747161551))",0.041597496803933987,0.062126588166710794,"(np.float64(1.1941269065171987), 0, np.float64(0.0007365132387945862))",0.06231437194358852,0.0008411626476558888,"(np.float64(0.9854603786280942), 0, np.float64(0.0012903041305702037))",0.03767058419380043,0.11574312752833682,"(np.float64(1.5013972174009207), 0, np.float64(0.0007946462948767392))",0.0361348075324896,0.14516349514903815,"(np.float64(1.5013972174009207), 0, np.float64(0.0007946462948767392))",0.3787326025831152,9.170798613412445e-129,1,ag
nag,1000,221,779,"(0.9034058423064617, 0, np.float64(1.9044684809883421e-06))",0.0284541015564371,0.5440423380175905,"(np.float64(1.3957003539320894), 0, np.float64(9.010499079984006e-07))",0.08721021975957455,1.3251513121605075e-05,"(np.float64(0.9460114166824154), 0, np.float64(1.679082330059643e-06))",0.025832307642056768,0.666169640185821,"(np.float64(1.3305717226921245), 0, np.float64(1.0376231978018884e-06))",0.05662299208287247,0.013010818454738735,"(np.float64(1.3305717226921245), 0, np.float64(1.0376231978018884e-06))",0.41382628145249045,2.939194191914781e-121,1,nag
bg,1000,0,1000,"(11.018312314359221, 0, np.float64(3.1586347020385374e-08))",0.02902638519795464,0.361597272184624,"(np.float64(0.31360628820200587), 0, np.float64(3.32360013761819e-07))",0.04865275709552641,0.01699340272375361,"(np.float64(3.71894834670057), 0, np.float64(3.85265446268967e-07))",0.03746945459253226,0.11762960967400704,"(np.float64(0.10855804053938606), 0, np.float64(3.3192699188800713e-07))",0.48027750347378617,1.1574885223523571e-212,"(np.float64(0.10855804053938606), 0, np.float64(3.3192699188800713e-07))",0.40659434145179857,6.538771343643473e-150,1,bg
ag,1000,5,995,"(1.0022704683022998, 0, np.float64(0.0012811292457639936))",0.04085188559032149,0.07024993639853416,"(np.float64(1.1853955276089294), 0, np.float64(0.0007219891513858763))",0.06066636094333283,0.0012611729919394666,"(np.float64(0.973743628650886), 0, np.float64(0.0012681251474675587))",0.03598480797385806,0.14833459866102716,"(np.float64(1.4865546353249233), 0, np.float64(0.0007688720001500473))",0.03990832781470793,0.08180860332605988,"(np.float64(1.4865546353249233), 0, np.float64(0.0007688720001500473))",0.3587755246132017,3.5608513937766053e-115,2,ag
nag,1000,231,769,"(1.0131623433670438, 0, np.float64(1.6783296412872491e-06))",0.026307032415539222,0.6517311643412342,"(np.float64(1.2765438215287397), 0, np.float64(9.627406135291209e-07))",0.09126157790001194,5.043331791204445e-06,"(np.float64(1.011377048225231), 0, np.float64(1.7083941832850043e-06))",0.02503618739303226,0.7109406483775331,"(np.float64(1.440505867550552), 0, np.float64(1.0864457437784975e-06))",0.05756781057775617,0.011742226560369261,"(np.float64(1.440505867550552), 0, np.float64(1.0864457437784975e-06))",0.4208712470217838,5.42737805921778e-124,2,nag
bg,1000,0,1000,"(11.588605387437136, 0, np.float64(2.959951282647583e-08))",0.01464904128604877,0.98067449434222,"(np.float64(0.3000421164772409), 0, np.float64(3.283284020180589e-07))",0.033666763150626555,0.2024411050398427,"(np.float64(3.547903762693938), 0, np.float64(3.8004242809369786e-07))",0.04931822164453836,0.014907700250175399,"(np.float64(0.10855803997369995), 0, np.float64(3.2777204422431463e-07))",0.4776269403105087,3.521890931473108e-210,"(np.float64(0.10855803997369995), 0, np.float64(3.2777204422431463e-07))",0.39603873706099296,6.066481696900091e-142,2,bg
ag,1000,6,994,"(1.0582261146180365, 0, np.float64(0.0012155242389399218))",0.05197603682467522,0.008967447565418212,"(np.float64(1.1461077025177453), 0, np.float64(0.0007481625436331176))",0.0508653020336009,0.011264408395473786,"(np.float64(1.00270872416485), 0, np.float64(0.0012878660626610343))",0.04678233310930502,0.02496911949453995,"(np.float64(1.5592504891351233), 0, np.float64(0.0007928961857735889))",0.02960134565728112,0.3417876821141954,"(np.float64(1.5592504891351233), 0, np.float64(0.0007928961857735889))",0.39665466595213783,1.5000954222379596e-141,3,ag
nag,1000,235,765,"(0.8872893919089186, 0, np.float64(1.8491584826573759e-06))",0.027212381487298876,0.6127255894523664,"(np.float64(1.3947632157723122), 0, np.float64(8.479827712775388e-07))",0.08344284382615219,4.4103239780145474e-05,"(np.float64(0.9318642967136723), 0, np.float64(1.5893877087490173e-06))",0.029033482831926305,0.5296146021167751,"(np.float64(1.3068197360890632), 0, np.float64(9.627507172849827e-07))",0.06136370545313352,0.006022940131305138,"(np.float64(1.3068197360890632), 0, np.float64(9.627507172849827e-07))",0.43052077494218455,2.510986240776024e-129,3,nag
bg,1000,0,1000,"(10.529232034533377, 0, np.float64(3.247605404928638e-08))",0.022013801983849945,0.7090280406227969,"(np.float64(0.31807672394251224), 0, np.float64(3.2584459844224645e-07))",0.038190051241319134,0.1054283179134704,"(np.float64(3.5587951149664736), 0, np.float64(3.7955305391226263e-07))",0.03901598340751766,0.09275264849882603,"(np.float64(0.10855804001630143), 0, np.float64(3.2759001124234796e-07))",0.47920662747454545,1.1719616373870707e-211,"(np.float64(0.10855804001630143), 0, np.float64(3.2759001124234796e-07))",0.38059239755318247,1.0044784599393253e-130,3,bg
ag,1000,7,993,"(0.9808810117082812, 0, np.float64(0.0013616548308248576))",0.04516325550913536,0.033749296572766374,"(np.float64(1.2158983891154984), 0, np.float64(0.0007405134422045645))",0.052889108222429926,0.0074487682208567675,"(np.float64(0.9634593900687681), 0, np.float64(0.0013123859709470748))",0.04093297901595283,0.06979104189371199,"(np.float64(1.474557844958808), 0, np.float64(0.0007924233212133853))",0.03194100472511063,0.2575681748472619,"(np.float64(1.474557844958808), 0, np.float64(0.0007924233212133853))",0.4077234568850461,1.0010336624264365e-149,4,ag
nag,1000,253,747,"(0.83714976316496, 0, np.float64(1.940889211620848e-06))",0.03153110853509955,0.43865911471116714,"(np.float64(1.4665819332314929), 0, np.float64(8.030255421832124e-07))",0.0806013917056963,0.00011417824896961115,"(np.float64(0.9003434680612661), 0, np.float64(1.5473817687062325e-06))",0.034142010454197846,0.34092612636539676,"(np.float64(1.248181988211768), 0, np.float64(9.233289362633735e-07))",0.06685167065024245,0.002398200678937932,"(np.float64(1.248181988211768), 0, np.float64(9.233289362633735e-07))",0.4513691962759768,1.8617469569616097e-139,4,nag
bg,1000,0,1000,"(9.797604247470014, 0, np.float64(3.56539883393181e-08))",0.01973585450676585,0.8233146857272615,"(np.float64(0.3285646780801013), 0, np.float64(3.316561715212986e-07))",0.038909034920687424,0.09431856345972112,"(np.float64(3.346002283243534), 0, np.float64(3.8882455716604744e-07))",0.04151506899145713,0.06190669020611661,"(np.float64(0.10855804068185138), 0, np.float64(3.322526361831299e-07))",0.47731587440418555,6.871586609646437e-210,"(np.float64(0.10855804068185138), 0, np.float64(3.322526361831299e-07))",0.3792976708979977,8.295889780779966e-130,4,bg
ag,1000,11,989,"(1.061716866775979, 0, np.float64(0.0012420710186508103))",0.03021254624309544,0.3208930769215713,"(np.float64(1.1680169613289189), 0, np.float64(0.0007685469063909472))",0.06482823679006683,0.00046709662235019104,"(np.float64(1.0156110686456812), 0, np.float64(0.0013276597052202376))",0.029328756182302684,0.3557593717613228,"(np.float64(1.5332075760511223), 0, np.float64(0.0008307531822718038))",0.03583350753278258,0.15394073985902268,"(np.float64(1.5332075760511223), 0, np.float64(0.0008307531822718038))",0.36739384352171206,3.254436722916714e-120,5,ag
nag,1000,214,786,"(0.8398151388572406, 0, np.float64(2.0801921940625304e-06))",0.030443983209816672,0.45115289277618753,"(np.float64(1.4584738159817008), 0, np.float64(8.655833852182021e-07))",0.07840408541613181,0.00011938959438861426,"(np.float64(0.9006468492140595), 0, np.float64(1.663484364675234e-06))",0.03364140779911795,0.3286321016645489,"(np.float64(1.2588823618035905), 0, np.float64(9.985421030633267e-07))",0.06665994089195171,0.0017615870693850186,"(np.float64(1.2588823618035905), 0, np.float64(9.985421030633267e-07))",0.41158739080031026,5.704851525201247e-121,5,nag
bg,1000,0,1000,"(10.283504475534489, 0, np.float64(3.427573412352784e-08))",0.020068826820550834,0.8076153209140308,"(np.float64(0.32039354514916857), 0, np.float64(3.3548254029759527e-07))",0.04103284819095443,0.06706065649839854,"(np.float64(3.4013542785322803), 0, np.float64(3.9172133006106236e-07))",0.04353229902914213,0.04385900756395367,"(np.float64(0.10855804067425058), 0, np.float64(3.349749660447638e-07))",0.47671460596602544,2.4972758040565295e-209,"(np.float64(0.10855804067425058), 0, np.float64(3.349749660447638e-07))",0.35929836366586554,4.2488259565726773e-116,5,bg
ag,1000,4,996,"(0.9794614130609754, 0, np.float64(0.0014101158573977116))",0.05740406909339746,0.002705149197530329,"(np.float64(1.1631258234656106), 0, np.float64(0.0007650263125872501))",0.042887563542760854,0.04978084627379076,"(np.float64(0.943080696400871), 0, np.float64(0.0013404025139820688))",0.04694881578298493,0.023990607768637595,"(np.float64(1.5201695698393647), 0, np.float64(0.0008018591227837801))",0.025979589344575782,0.5038560586599773,"(np.float64(1.5201695698393647), 0, np.float64(0.0008018591227837801))",0.38954862597523143,1.2783949460152996e-136,6,ag
nag,1000,214,786,"(0.8533616578039587, 0, np.float64(1.9334390315489187e-06))",0.018200779066667616,0.9527375761352486,"(np.float64(1.4548220540135923), 0, np.float64(8.278310115677164e-07))",0.08161593534905326,5.299571448631534e-05,"(np.float64(0.9078554517127508), 0, np.float64(1.5768685245582426e-06))",0.022616815270571466,0.8074726840926176,"(np.float64(1.283833320391361), 0, np.float64(9.5207466347856e-07))",0.05560302217429669,0.014904877988082226,"(np.float64(1.283833320391361), 0, np.float64(9.5207466347856e-07))",0.46356094985040186,3.4897968199268505e-155,6,nag
bg,1000,0,1000,"(10.582264917193784, 0, np.float64(3.2621513580626606e-08))",0.01712875322529228,0.9259834828700654,"(np.float64(0.3144695258088744), 0, np.float64(3.290333524873862e-07))",0.030337470684829393,0.3098934256182181,"(np.float64(3.4264872469522785), 0, np.float64(3.835841501953832e-07))",0.059575715975694776,0.0015818331820817314,"(np.float64(0.10855803999436027), 0, np.float64(3.2849816032973225e-07))",0.47769390969569203,3.049647991997309e-210,"(np.float64(0.10855803999436027), 0, np.float64(3.2849816032973225e-07))",0.396796093204746,1.6575522195906227e-142,6,bg
ag,1000,4,996,"(1.0067321797876574, 0, np.float64(0.001314883149622111))",0.033626381045225306,0.20539077758362256,"(np.float64(1.197151983056545), 0, np.float64(0.0007464340416212655))",0.06670109715492695,0.00026903768894481934,"(np.float64(0.9778898193349548), 0, np.float64(0.0013100639284525548))",0.032044176251555645,0.25266404538971443,"(np.float64(1.4939046403197793), 0, np.float64(0.0008105112233960281))",0.042596036908579535,0.05232602663599217,"(np.float64(1.4939046403197793), 0, np.float64(0.0008105112233960281))",0.3689188304152452,4.243926175318347e-122,7,ag
nag,1000,235,765,"(0.89904731315984, 0, np.float64(1.7909538295492416e-06))",0.0237135421579574,0.773528212316973,"(np.float64(1.388811807374622), 0, np.float64(8.402871172762496e-07))",0.09407994423557048,2.413015342939852e-06,"(np.float64(0.9399902983971354), 0, np.float64(1.5661384645488256e-06))",0.02611423166147786,0.6639065940412108,"(np.float64(1.3212131807032548), 0, np.float64(9.618840459435059e-07))",0.06160044261805897,0.005759303350425639,"(np.float64(1.3212131807032548), 0, np.float64(9.618840459435059e-07))",0.4395794722588018,4.358806703975833e-135,7,nag
bg,1000,0,1000,"(11.761224369435222, 0, np.float64(2.978060507271296e-08))",0.01919180534682363,0.8479135013178583,"(np.float64(0.2980282354437482), 0, np.float64(3.354761308061493e-07))",0.03831352225850143,0.10344673681833838,"(np.float64(3.588415948917474), 0, np.float64(3.877903821383086e-07))",0.056051833368903736,0.0035854712742832756,"(np.float64(0.10855804067425058), 0, np.float64(3.349749660447638e-07))",0.47902332754273846,1.7406752186513334e-211,"(np.float64(0.10855804067425058), 0, np.float64(3.349749660447638e-07))",0.36562668863625947,2.4094930550078593e-120,7,bg
ag,1000,5,995,"(1.0475837894503814, 0, np.float64(0.0012971821690368776))",0.04366686241855433,0.04366226345760804,"(np.float64(1.1660365519278157), 0, np.float64(0.0007855593193893968))",0.06676725610925066,0.00026669646399838797,"(np.float64(0.9931912154284958), 0, np.float64(0.0013546796454527719))",0.04186983268739819,0.059366854646824896,"(np.float64(1.5596498360741329), 0, np.float64(0.0008489523034591755))",0.03400694561033446,0.1955539411078936,"(np.float64(1.5596498360741329), 0, np.float64(0.0008489523034591755))",0.38194007071486574,5.006701879749954e-131,8,ag
nag,1000,242,758,"(0.8880620393489004, 0, np.float64(1.8753243466476398e-06))",0.01973410791570429,0.9236038601537939,"(np.float64(1.3949206926113888), 0, np.float64(8.612870176520066e-07))",0.08557885149281508,2.8045251449911928e-05,"(np.float64(0.9326454865659939), 0, np.float64(1.6138527234688764e-06))",0.022372005393904604,0.834078530891164,"(np.float64(1.3128694404083707), 0, np.float64(9.88835311113166e-07))",0.06059286919661666,0.0073269822934887265,"(np.float64(1.3128694404083707), 0, np.float64(9.88835311113166e-07))",0.3836334858844066,7.420779591879552e-101,8,nag
bg,1000,0,1000,"(10.930527364716314, 0, np.float64(3.13348416692441e-08))",0.018000279043726475,0.8962839674679135,"(np.float64(0.3114373211711906), 0, np.float64(3.269639198278439e-07))",0.03418178900943625,0.18874455828099002,"(np.float64(3.5677150060117624), 0, np.float64(3.7992903024021994e-07))",0.04944742271286118,0.014530476444552569,"(np.float64(0.10855804001630143), 0, np.float64(3.2759001124234796e-07))",0.47895353478243563,2.023538170542437e-211,"(np.float64(0.10855804001630143), 0, np.float64(3.2759001124234796e-07))",0.423976780175966,1.42076463431047e-163,8,bg
ag,1000,7,993,"(1.0007718718368803, 0, np.float64(0.0012830839175360584))",0.051852546816156364,0.009249586188874257,"(np.float64(1.1808787558158016), 0, np.float64(0.0007213143741739243))",0.04708670549705951,0.02368950350482445,"(np.float64(0.9670366436789035), 0, np.float64(0.0012635899139950583))",0.044574419140114174,0.0375008427316228,"(np.float64(1.5082648857739165), 0, np.float64(0.000766816564733302))",0.0309565116744428,0.2911912324254977,"(np.float64(1.5082648857739165), 0, np.float64(0.000766816564733302))",0.3661001545217333,7.978784402636188e-120,9,ag
nag,1000,227,773,"(0.9000050914137846, 0, np.float64(1.8761655107058908e-06))",0.02854331048653863,0.5449564653659426,"(np.float64(1.4125115439251452), 0, np.float64(8.818907564676351e-07))",0.09628006334031797,1.0915247652835341e-06,"(np.float64(0.944683880107712), 0, np.float64(1.6467248210386306e-06))",0.026229956123104303,0.6521751803830154,"(np.float64(1.3263096989330598), 0, np.float64(1.0249738071021449e-06))",0.06055353877988634,0.006610975404882881,"(np.float64(1.3263096989330598), 0, np.float64(1.0249738071021449e-06))",0.4193007639235713,1.1474274860649796e-123,9,nag
bg,1000,0,1000,"(9.865836933710078, 0, np.float64(3.501296936701917e-08))",0.029041564979894963,0.36096818063115355,"(np.float64(0.328828697552087), 0, np.float64(3.2808125504334253e-07))",0.049171499803488894,0.015346721409728916,"(np.float64(3.4235724801159555), 0, np.float64(3.841950142693434e-07))",0.03396923139500474,0.19430718080840192,"(np.float64(0.10855803997369995), 0, np.float64(3.2777204422431463e-07))",0.478212405264705,9.994842992567982e-211,"(np.float64(0.10855803997369995), 0, np.float64(3.2777204422431463e-07))",0.38045938704087856,1.2482585102306857e-130,9,bg
ag,1000,7,993,"(0.9963576298460002, 0, np.float64(0.0012795808715421748))",0.04517508011526167,0.03367746036384456,"(np.float64(1.189879069498377), 0, np.float64(0.0007141297978526398))",0.056387364219628366,0.003475253885370948,"(np.float64(0.95872217153996), 0, np.float64(0.0012486020364628461))",0.041864279530957865,0.05984023170768138,"(np.float64(1.5254431205324945), 0, np.float64(0.0007686923630062392))",0.036468495339658125,0.13904208315786704,"(np.float64(1.5254431205324945), 0, np.float64(0.0007686923630062392))",0.3730047322389194,1.5796715797425565e-124,10,ag
nag,1000,207,793,"(0.9112717660547156, 0, np.float64(1.954023913411294e-06))",0.041171371035930826,0.13222420274814928,"(np.float64(1.4252340182573051), 0, np.float64(9.384113944824118e-07))",0.1095421283124004,9.64307570840419e-09,"(np.float64(0.9605641561595009), 0, np.float64(1.7506444476325788e-06))",0.04092702130753312,0.13651908752036845,"(np.float64(1.3184442963130332), 0, np.float64(1.1080915818343976e-06))",0.07074549209518743,0.0006765416599669637,"(np.float64(1.3184442963130332), 0, np.float64(1.1080915818343976e-06))",0.4251023321440563,1.5314762546165635e-130,10,nag
bg,1000,0,1000,"(10.844427825277888, 0, np.float64(3.23306123019821e-08))",0.025060426671718705,0.5479090383791911,"(np.float64(0.3124777502476405), 0, np.float64(3.3457172440110405e-07))",0.03668846931981612,0.1321390942764269,"(np.float64(3.5130344460819574), 0, np.float64(3.8901704347677906e-07))",0.06535766088862083,0.000370761496065544,"(np.float64(0.10855804054459828), 0, np.float64(3.3291302274409487e-07))",0.4787198154490929,3.3497355973794595e-211,"(np.float64(0.10855804054459828), 0, np.float64(3.3291302274409487e-07))",0.41671865365972843,8.719046463082309e-158,10,bg
ag,1000,9,991,"(0.974566729528942, 0, np.float64(0.0014075092769025238))",0.05167253081165524,0.00970297919920768,"(np.float64(1.2140357000630067), 0, np.float64(0.0007572772465998258))",0.05002023257394145,0.013556617920534761,"(np.float64(0.9543838213850673), 0, np.float64(0.0013411312133039255))",0.042315456914831406,0.055872723664343704,"(np.float64(1.4828297735634242), 0, np.float64(0.0008104300558037439))",0.03034637819502739,0.3146754654832725,"(np.float64(1.4828297735634242), 0, np.float64(0.0008104300558037439))",0.39016715743545416,2.2013538349058127e-136,11,ag
nag,1000,209,791,"(0.9009480703009275, 0, np.float64(1.8307755247148372e-06))",0.029793044425189874,0.4748174473470872,"(np.float64(1.4209929334176714), 0, np.float64(8.621155027414817e-07))",0.10489180189687625,4.9538055583119726e-08,"(np.float64(0.9456909722786391), 0, np.float64(1.6095749736272075e-06))",0.02906434734892438,0.5067720571507162,"(np.float64(1.327442345227358), 0, np.float64(1.0063152451474474e-06))",0.06357542685992312,0.0031909948556622845,"(np.float64(1.327442345227358), 0, np.float64(1.0063152451474474e-06))",0.4145153921250708,1.5176682953540044e-123,11,nag
bg,1000,0,1000,"(10.352217920156706, 0, np.float64(3.297017936180881e-08))",0.016364972440888637,0.9475841650253524,"(np.float64(0.31994937864827416), 0, np.float64(3.249686080921027e-07))",0.02928010630516842,0.3511753617958,"(np.float64(3.4195446064208497), 0, np.float64(3.792129984388941e-07))",0.047733250329123164,0.02030441805206816,"(np.float64(0.10855803994233604), 0, np.float64(3.244784813559325e-07))",0.47784199250484183,2.217951245828339e-210,"(np.float64(0.10855803994233604), 0, np.float64(3.244784813559325e-07))",0.4193102736064977,7.718365956428033e-160,11,bg
ag,1000,8,992,"(1.002626940785446, 0, np.float64(0.0013183524225358735))",0.03647716328978007,0.13923668057276717,"(np.float64(1.1935526276911543), 0, np.float64(0.0007434007562230808))",0.05187472435917173,0.009256963879471074,"(np.float64(0.9766451566794039), 0, np.float64(0.0013073870451402142))",0.028058080654399076,0.40814452714386795,"(np.float64(1.4772761637736045), 0, np.float64(0.0007962060636064262))",0.04060021138687042,0.07391597859080024,"(np.float64(1.4772761637736045), 0, np.float64(0.0007962060636064262))",0.35836000425442927,1.480811433227974e-114,12,ag
nag,1000,203,797,"(0.9275269160476364, 0, np.float64(1.7272343230736475e-06))",0.028508214413350497,0.5269180275197333,"(np.float64(1.3258906219502034), 0, np.float64(8.549912479343428e-07))",0.07849978774064081,0.00010178974050981528,"(np.float64(0.9522419749197418), 0, np.float64(1.5673179530211572e-06))",0.02779608232710154,0.5596092776800528,"(np.float64(1.3585848074208922), 0, np.float64(9.52467588423302e-07))",0.05189302136198748,0.0263758189870974,"(np.float64(1.3585848074208922), 0, np.float64(9.52467588423302e-07))",0.41556164748870206,3.9172740951140927e-125,12,nag
bg,1000,0,1000,"(11.28902702168172, 0, np.float64(3.0960026080738e-08))",0.0242090562547147,0.5923612762956658,"(np.float64(0.3068025618722481), 0, np.float64(3.3414796639274153e-07))",0.04393603420007042,0.04085544166439847,"(np.float64(3.644087081398178), 0, np.float64(3.8710859052599867e-07))",0.0457571421943781,0.02942743359392952,"(np.float64(0.10855804078674601), 0, np.float64(3.3462328274949626e-07))",0.47893331931693806,2.113734285371666e-211,"(np.float64(0.10855804078674601), 0, np.float64(3.3462328274949626e-07))",0.3696942566602459,4.0543549425429426e-123,12,bg
ag,1000,8,992,"(1.052736459985208, 0, np.float64(0.0012209650547514279))",0.041682173709494896,0.06189908503103503,"(np.float64(1.1464265570102836), 0, np.float64(0.0007452630340846635))",0.046088824654319516,0.028638100522026644,"(np.float64(0.9998724004340559), 0, np.float64(0.0012851993619631932))",0.034786373305767615,0.17698866443165062,"(np.float64(1.5453800024800572), 0, np.float64(0.0007894697736782923))",0.03163132288125314,0.26835662945134064,"(np.float64(1.5453800024800572), 0, np.float64(0.0007894697736782923))",0.37755304021314384,1.4902368823376316e-127,13,ag
nag,1000,218,782,"(0.9284695056020137, 0, np.float64(1.7596349303698425e-06))",0.027051709538793434,0.6064182985941589,"(np.float64(1.3842265727746517), 0, np.float64(8.725389105737936e-07))",0.08995948845686236,5.8843367017323716e-06,"(np.float64(0.9633765772992459), 0, np.float64(1.6077649489040844e-06))",0.027525602895047685,0.584289763623933,"(np.float64(1.3543193196052572), 0, np.float64(1.008078472806563e-06))",0.056150972452567616,0.013876466807013491,"(np.float64(1.3543193196052572), 0, np.float64(1.008078472806563e-06))",0.42357232525796906,8.989936735774081e-128,13,nag
bg,1000,0,1000,"(10.853482579896315, 0, np.float64(3.194049104149266e-08))",0.01905570914991994,0.8538414837706703,"(np.float64(0.31085036729157345), 0, np.float64(3.3082367532331077e-07))",0.03499571736103313,0.16858617214234806,"(np.float64(3.4929714081664502), 0, np.float64(3.8477385744692554e-07))",0.040298466544754996,0.075610065519637,"(np.float64(0.10855804070704325), 0, np.float64(3.3036198554473515e-07))",0.4768817699759018,1.7448272301105504e-209,"(np.float64(0.10855804070704325), 0, np.float64(3.3036198554473515e-07))",0.39954549790973487,1.4565242988556707e-144,13,bg
ag,1000,8,992,"(1.0863449982604705, 0, np.float64(0.0011809059054684358))",0.0471546749705517,0.02349305552722979,"(np.float64(1.1224090450001476), 0, np.float64(0.0007578875440577041))",0.05501170497665514,0.004746204244100384,"(np.float64(1.0142752439911271), 0, np.float64(0.0012910807107014684))",0.0434708248527903,0.04569420385839229,"(np.float64(1.5909571706990593), 0, np.float64(0.0008054099797649319))",0.031034038132665087,0.28898637681081196,"(np.float64(1.5909571706990593), 0, np.float64(0.0008054099797649319))",0.3818020310157941,1.5510090429495897e-130,14,ag
nag,1000,214,786,"(0.9253750801768832, 0, np.float64(1.8858781341559584e-06))",0.018232328669771425,0.9520649204801397,"(np.float64(1.3527760066547896), 0, np.float64(9.298297541283513e-07))",0.07986329634556966,8.288507685928507e-05,"(np.float64(0.9564828882402838), 0, np.float64(1.7111953807833145e-06))",0.019664760424542127,0.9154950761676102,"(np.float64(1.3488508161245045), 0, np.float64(1.0541917028246173e-06))",0.055458140661402644,0.015288601805403026,"(np.float64(1.3488508161245045), 0, np.float64(1.0541917028246173e-06))",0.4319037408902974,9.332554338518922e-134,14,nag
bg,1000,0,1000,"(10.145051410049588, 0, np.float64(3.457423716377233e-08))",0.012950500390043973,0.995375788038511,"(np.float64(0.32210096002045474), 0, np.float64(3.3361940970190134e-07))",0.02778590873844783,0.4153492498671255,"(np.float64(3.378204320446211), 0, np.float64(3.9018073953805613e-07))",0.050639117612831464,0.011435171545720687,"(np.float64(0.10855804053938606), 0, np.float64(3.3192699188800713e-07))",0.4779147647397153,1.8965679000246298e-210,"(np.float64(0.10855804053938606), 0, np.float64(3.3192699188800713e-07))",0.42850820597496314,3.006438900013753e-167,14,bg
ag,1000,7,993,"(0.9760580173335, 0, np.float64(0.001283040934446595))",0.04248680975226282,0.05388884291185059,"(np.float64(1.2099105357258173), 0, np.float64(0.0006920688033970109))",0.05515816511888849,0.004568155004065494,"(np.float64(0.9548773566386219), 0, np.float64(0.0012245887457235569))",0.03887571564389769,0.09683835430285881,"(np.float64(1.4847495310700747), 0, np.float64(0.000741876235411573))",0.028881811852589756,0.37185906392332124,"(np.float64(1.4847495310700747), 0, np.float64(0.000741876235411573))",0.38843495176420806,2.0962800408645612e-135,15,ag
nag,1000,243,757,"(0.9221190061502055, 0, np.float64(1.7518403237266934e-06))",0.027297492079399688,0.6153678916587353,"(np.float64(1.3474564338633677), 0, np.float64(8.585575980554061e-07))",0.06671556088960229,0.0022544560206221474,"(np.float64(0.9523541907918605), 0, np.float64(1.5806984739868557e-06))",0.028610380911973543,0.5553288172374755,"(np.float64(1.3486301895781554), 0, np.float64(9.606190348119365e-07))",0.05620607125720356,0.01609537173572964,"(np.float64(1.3486301895781554), 0, np.float64(9.606190348119365e-07))",0.4422216477967746,2.2737542421140777e-135,15,nag
bg,1000,0,1000,"(10.196753039714926, 0, np.float64(3.4606890216370257e-08))",0.021324408652263704,0.7450022817226847,"(np.float64(0.32319001281573867), 0, np.float64(3.357229303056031e-07))",0.0331592168875659,0.21667648644761972,"(np.float64(3.393699683506407), 0, np.float64(3.9217047676387377e-07))",0.06269065306479549,0.0007361632857890908,"(np.float64(0.10855804067425058), 0, np.float64(3.349749660447638e-07))",0.4769466314240933,1.518150903070225e-209,"(np.float64(0.10855804067425058), 0, np.float64(3.349749660447638e-07))",0.4163744594149699,1.6292158741064292e-157,15,bg
ag,1000,4,996,"(1.0774982629763044, 0, np.float64(0.0011551469351579202))",0.03405006401739774,0.19396337505307248,"(np.float64(1.1471788439965518), 0, np.float64(0.0007317918947883386))",0.05597559032553534,0.0037401556493569664,"(np.float64(1.024014375487701), 0, np.float64(0.0012575363778502477))",0.0348399422538912,0.17398500586533017,"(np.float64(1.5471105299019712), 0, np.float64(0.0007840472753691929))",0.033645441756891215,0.20486578022518553,"(np.float64(1.5471105299019712), 0, np.float64(0.0007840472753691929))",0.3539256890406994,4.1268241363007567e-112,16,ag
nag,1000,197,803,"(0.8780071029699871, 0, np.float64(1.945771687352354e-06))",0.024771100493176657,0.6983396938482908,"(np.float64(1.3946214862241977), 0, np.float64(8.760408653811971e-07))",0.08288663348629388,3.014183190953605e-05,"(np.float64(0.9233310942103202), 0, np.float64(1.6467231789343585e-06))",0.024709168871793585,0.7012758364932166,"(np.float64(1.3002402448072714), 0, np.float64(9.937545938864742e-07))",0.0613236470962476,0.004558928939584544,"(np.float64(1.3002402448072714), 0, np.float64(9.937545938864742e-07))",0.4032299273238992,2.0300013746672826e-118,16,nag
bg,1000,0,1000,"(11.054569530644018, 0, np.float64(3.114441409540905e-08))",0.020531978401600925,0.7850791618506927,"(np.float64(0.3082296517188274), 0, np.float64(3.2883866470707753e-07))",0.034008208965425,0.19327771502216629,"(np.float64(3.5225890435960734), 0, np.float64(3.819927612982704e-07))",0.04963091716013511,0.014009467886706033,"(np.float64(0.1085580400221626), 0, np.float64(3.2942280805911217e-07))",0.4794372405770282,7.122685088987159e-212,"(np.float64(0.1085580400221626), 0, np.float64(3.2942280805911217e-07))",0.4389153445716362,7.241202210100763e-176,16,bg
ag,1000,3,997,"(1.0703671930512524, 0, np.float64(0.0012507410304778608))",0.03665288878589823,0.13390776145785221,"(np.float64(1.1590601157765048), 0, np.float64(0.0007840137036736605))",0.060371982344894715,0.00133462979879984,"(np.float64(1.022044858760286), 0, np.float64(0.001351420596032027))",0.03551958444711689,0.15772798757126438,"(np.float64(1.5389133148572918), 0, np.float64(0.0008437479785667948))",0.03373324433235403,0.20200178735766383,"(np.float64(1.5389133148572918), 0, np.float64(0.0008437479785667948))",0.37433681797468865,5.97438217463419e-126,17,ag
nag,1000,236,764,"(0.8666011059541996, 0, np.float64(1.8927090407746812e-06))",0.028611625823745546,0.5493768000575965,"(np.float64(1.446304324143962), 0, np.float64(8.327873084044444e-07))",0.08462525400259924,3.295572268812494e-05,"(np.float64(0.9163956599738745), 0, np.float64(1.5749163907788704e-06))",0.024231949399214026,0.7512150505251294,"(np.float64(1.303912732182551), 0, np.float64(9.538623426476207e-07))",0.0526983376916752,0.0276859475813791,"(np.float64(1.303912732182551), 0, np.float64(9.538623426476207e-07))",0.47623809749289786,1.0340643884284814e-159,17,nag
bg,1000,0,1000,"(9.810494468225766, 0, np.float64(3.52891494341962e-08))",0.021497448032995137,0.7360505215143731,"(np.float64(0.32899171193733473), 0, np.float64(3.287170787940197e-07))",0.030389430939937512,0.3079547486271097,"(np.float64(3.3409815862114574), 0, np.float64(3.853324819898077e-07))",0.06150280484427639,0.0009900288048301695,"(np.float64(0.10855803999920513), 0, np.float64(3.2908825565428717e-07))",0.4776247803191286,3.538281642674927e-210,"(np.float64(0.10855803999920513), 0, np.float64(3.2908825565428717e-07))",0.4316204798239321,8.453328253956234e-170,17,bg
ag,1000,7,993,"(1.012843185627617, 0, np.float64(0.0014007278462176346))",0.021524075986117552,0.7385537099220647,"(np.float64(1.2047544706426199), 0, np.float64(0.0008030859851742355))",0.06507670445444569,0.00042348076116462455,"(np.float64(0.9884282217439498), 0, np.float64(0.0014112916312479626))",0.0168861263527601,0.9350117727295694,"(np.float64(1.4769838898137817), 0, np.float64(0.0008729097176778782))",0.04509709294927933,0.034153729403825994,"(np.float64(1.4769838898137817), 0, np.float64(0.0008729097176778782))",0.3654942369994487,2.0412479004264807e-119,18,ag
nag,1000,224,776,"(0.8727653903938195, 0, np.float64(1.978109307969652e-06))",0.023300514350331314,0.7843205166194699,"(np.float64(1.375550449930067), 0, np.float64(8.812919859514992e-07))",0.08389413975000992,3.362518101909635e-05,"(np.float64(0.9141404271539624), 0, np.float64(1.6544084592977724e-06))",0.021763114885129164,0.8478646754331074,"(np.float64(1.3084123284589724), 0, np.float64(9.908809025446147e-07))",0.05578065667749432,0.015374426278430997,"(np.float64(1.3084123284589724), 0, np.float64(9.908809025446147e-07))",0.39925000188482307,4.0056259347101117e-112,18,nag
bg,1000,0,1000,"(10.765042308636527, 0, np.float64(3.237383597349777e-08))",0.027637179917478272,0.4220964786224799,"(np.float64(0.31446211641103156), 0, np.float64(3.3245001281070157e-07))",0.0354168396957345,0.15884670992394168,"(np.float64(3.5338227950067753), 0, np.float64(3.865257294823114e-07))",0.044125505722978686,0.03950876826959637,"(np.float64(0.10855804053938606), 0, np.float64(3.3192699188800713e-07))",0.4765055940561892,3.908987154038297e-209,"(np.float64(0.10855804053938606), 0, np.float64(3.3192699188800713e-07))",0.4185425662158074,3.142299181581186e-159,18,bg
ag,1000,9,991,"(0.9899690488656816, 0, np.float64(0.0013359784356095838))",0.04955961923698626,0.014852564184412173,"(np.float64(1.1801669982668366), 0, np.float64(0.0007377324617058694))",0.05218706106602233,0.008723929811157487,"(np.float64(0.9558604497862602), 0, np.float64(0.001293431253835155))",0.04476971554328568,0.03650971795408009,"(np.float64(1.5146710736807933), 0, np.float64(0.0007850441517705611))",0.028545953213690356,0.38738930485718603,"(np.float64(1.5146710736807933), 0, np.float64(0.0007850441517705611))",0.3558371189810925,8.60896761847426e-113,19,ag
nag,1000,228,772,"(0.9565652520828486, 0, np.float64(1.781336023476483e-06))",0.021540626488128323,0.8584470469755148,"(np.float64(1.3239055743332158), 0, np.float64(9.289878482058134e-07))",0.09130006589128592,4.744993107911235e-06,"(np.float64(0.9764825574253322), 0, np.float64(1.6865067020362503e-06))",0.021871053644506477,0.8458467074580037,"(np.float64(1.3819928444751755), 0, np.float64(1.058641880646012e-06))",0.05756750030965674,0.011511515361222708,"(np.float64(1.3819928444751755), 0, np.float64(1.058641880646012e-06))",0.41040895608684225,4.055836853030414e-118,19,nag
bg,1000,0,1000,"(10.284751119402483, 0, np.float64(3.316935976397418e-08))",0.018742831468250842,0.867096700263421,"(np.float64(0.32194652327673295), 0, np.float64(3.246949499084935e-07))",0.03498987864440395,0.16872445910792966,"(np.float64(3.467709408842554), 0, np.float64(3.7897048201397854e-07))",0.040828149878757325,0.06935660400147725,"(np.float64(0.10855803996763426), 0, np.float64(3.260196150135339e-07))",0.4784183915220668,6.413861492687955e-211,"(np.float64(0.10855803996763426), 0, np.float64(3.260196150135339e-07))",0.41252298562156914,1.7057251186773054e-154,19,bg
ag,1000,7,993,"(1.0085308674606095, 0, np.float64(0.001317283869443012))",0.051910295165428666,0.00913970627480283,"(np.float64(1.1569862966139175), 0, np.float64(0.0007499881876228341))",0.042173788403567,0.05681437945104928,"(np.float64(0.9624373366036207), 0, np.float64(0.0013036248393688123))",0.04013285143020351,0.07943214353507433,"(np.float64(1.5410084134971274), 0, np.float64(0.0007904262364690094))",0.02782110683715222,0.41814390136011426,"(np.float64(1.5410084134971274), 0, np.float64(0.0007904262364690094))",0.3765660212373656,5.410394791026093e-127,20,ag
nag,1000,223,777,"(0.87717541636895, 0, np.float64(1.80615953864974e-06))",0.029840021488270252,0.484206226090794,"(np.float64(1.4564097022874165), 0, np.float64(8.118342164032976e-07))",0.087131912119636,1.39561481073464e-05,"(np.float64(0.9346780387650351), 0, np.float64(1.5382080042344265e-06))",0.030508501950026523,0.4557538992605511,"(np.float64(1.2868848763545548), 0, np.float64(9.505940654573008e-07))",0.06650985047528324,0.0019689330731755663,"(np.float64(1.2868848763545548), 0, np.float64(9.505940654573008e-07))",0.4236950165380543,4.905448124720776e-127,20,nag
bg,1000,0,1000,"(10.119151022963525, 0, np.float64(3.412457579403421e-08))",0.025901852232593614,0.5051570186699839,"(np.float64(0.3261199324501853), 0, np.float64(3.2839701858959776e-07))",0.04663572457391929,0.024999958931984256,"(np.float64(3.4802095569060203), 0, np.float64(3.834437589266689e-07))",0.036292780268465163,0.1400279099378322,"(np.float64(0.10855803997369995), 0, np.float64(3.2777204422431463e-07))",0.4778928004948545,1.9883311584687102e-210,"(np.float64(0.10855803997369995), 0, np.float64(3.2777204422431463e-07))",0.39549531610195693,1.5362562318835265e-141,20,bg
ag,1000,4,996,"(1.0346556962621056, 0, np.float64(0.0012027722953400733))",0.0469135524810983,0.024149996518211814,"(np.float64(1.1599070626741104), 0, np.float64(0.0007139229181688678))",0.05196882511751216,0.008884321277802655,"(np.float64(0.9886306019917886), 0, np.float64(0.001237961923283398))",0.042957916745870794,0.049182899614517606,"(np.float64(1.537806802094882), 0, np.float64(0.000757960005695655))",0.03142280894769395,0.2732830806819667,"(np.float64(1.537806802094882), 0, np.float64(0.000757960005695655))",0.3993436104564319,7.770713070491136e-144,21,ag
nag,1000,222,778,"(0.8725205383576311, 0, np.float64(1.9380485547166857e-06))",0.03810323869184795,0.2034198212366115,"(np.float64(1.431699692359901), 0, np.float64(8.630183525542748e-07))",0.08644195928232662,1.6578234825500715e-05,"(np.float64(0.9287798159672014), 0, np.float64(1.6364395582363856e-06))",0.04043528556372078,0.15281323803287017,"(np.float64(1.27781608685252), 0, np.float64(9.956776641996918e-07))",0.06646320352229851,0.0019705939267514717,"(np.float64(1.27781608685252), 0, np.float64(9.956776641996918e-07))",0.41064987119762736,3.537843474523494e-119,21,nag
bg,1000,0,1000,"(10.743716826701837, 0, np.float64(3.256762278416399e-08))",0.020383930804424022,0.7923642766380764,"(np.float64(0.31547516430873856), 0, np.float64(3.337457818261193e-07))",0.03682585031750707,0.12948613078305493,"(np.float64(3.5810979260607), 0, np.float64(3.8803676001810054e-07))",0.04023559509182395,0.07638309254159947,"(np.float64(0.10855804078674601), 0, np.float64(3.3462328274949626e-07))",0.47876285087224735,3.0529117231700016e-211,"(np.float64(0.10855804078674601), 0, np.float64(3.3462328274949626e-07))",0.40625924301725475,1.1809344787796062e-149,21,bg
ag,1000,9,991,"(1.00342760164417, 0, np.float64(0.0013697922609305269))",0.046274886484086175,0.027792836193986203,"(np.float64(1.1756704589608187), 0, np.float64(0.0007734204402552778))",0.04858183715870329,0.01797859019681539,"(np.float64(0.9702602724108476), 0, np.float64(0.0013549582794049049))",0.039397440818929264,0.08981831211683666,"(np.float64(1.5047466155367597), 0, np.float64(0.0008200844433595749))",0.027859277686046346,0.41768025435013223,"(np.float64(1.5047466155367597), 0, np.float64(0.0008200844433595749))",0.3639202969147112,4.012226760141845e-118,22,ag
nag,1000,226,774,"(0.953342793212982, 0, np.float64(1.855315925011912e-06))",0.024337813811889375,0.7393541677308474,"(np.float64(1.3414655512526388), 0, np.float64(9.620964891138122e-07))",0.08558641682594254,2.213280605751043e-05,"(np.float64(0.9809857094996037), 0, np.float64(1.7545807427590742e-06))",0.027394903397296166,0.5968819077632036,"(np.float64(1.3659416476809911), 0, np.float64(1.0951547107407965e-06))",0.06305211478208816,0.004059103870935417,"(np.float64(1.3659416476809911), 0, np.float64(1.0951547107407965e-06))",0.43475702305708236,1.5040223509157842e-133,22,nag
bg,1000,0,1000,"(10.638538827762009, 0, np.float64(3.217744144182891e-08))",0.015712531488682124,0.9626426849935729,"(np.float64(0.31555112753146347), 0, np.float64(3.2636428278089835e-07))",0.035103484332974944,0.16604985105925485,"(np.float64(3.521207267766876), 0, np.float64(3.799999462126581e-07))",0.04601144138469171,0.028079821523679382,"(np.float64(0.10855803988698998), 0, np.float64(3.25826610693949e-07))",0.4790356631994849,1.6949557003640907e-211,"(np.float64(0.10855803988698998), 0, np.float64(3.25826610693949e-07))",0.37735167555463595,1.9509170545256352e-128,22,bg
ag,1000,2,998,"(1.0232086342982996, 0, np.float64(0.001319962149687425))",0.047493295784455825,0.021450797436265788,"(np.float64(1.177260728696596), 0, np.float64(0.000769457028494618))",0.05651136385752498,0.0032732733743438326,"(np.float64(0.9832079314664057), 0, np.float64(0.0013400028152534668))",0.044912922483216766,0.03459670357286471,"(np.float64(1.526375735252285), 0, np.float64(0.0008248048156231104))",0.029793153447399412,0.3318698762817399,"(np.float64(1.526375735252285), 0, np.float64(0.0008248048156231104))",0.3671290216989844,4.010128291453464e-121,23,ag
nag,1000,237,763,"(0.9744524847897601, 0, np.float64(1.7346301540493786e-06))",0.025520705505412633,0.69306802490292,"(np.float64(1.3371972958567955), 0, np.float64(9.330948022811015e-07))",0.09367896835752637,2.8064711407150212e-06,"(np.float64(0.9918095146129826), 0, np.float64(1.6843772793582212e-06))",0.023039166027920832,0.8038231663815105,"(np.float64(1.402119699241799), 0, np.float64(1.0634090822851206e-06))",0.059102911518756684,0.009284251696346689,"(np.float64(1.402119699241799), 0, np.float64(1.0634090822851206e-06))",0.4680585193117338,9.221173480614782e-154,23,nag
bg,1000,0,1000,"(10.949987504322678, 0, np.float64(3.180648388578737e-08))",0.019825502566278075,0.8191327959144755,"(np.float64(0.3103136250847304), 0, np.float64(3.3250400128439915e-07))",0.022477401651167406,0.6844807491384939,"(np.float64(3.5127096190053533), 0, np.float64(3.86448814538506e-07))",0.05476472641966745,0.004774754622670626,"(np.float64(0.10855804053938606), 0, np.float64(3.3192699188800713e-07))",0.4792107751620722,1.1615150912552572e-211,"(np.float64(0.10855804053938606), 0, np.float64(3.3192699188800713e-07))",0.42891111316084324,1.4094838357437168e-167,23,bg
ag,1000,7,993,"(1.080603298072443, 0, np.float64(0.0012895396868201794))",0.03360728584263062,0.2073136535601291,"(np.float64(1.1334772354648208), 0, np.float64(0.0008206761982196838))",0.05660911469380364,0.003305859229715897,"(np.float64(1.0161293210302444), 0, np.float64(0.0014034024417434116))",0.028549577411078664,0.3860004093195253,"(np.float64(1.5673559646699844), 0, np.float64(0.0008742266959738804))",0.03237591435471565,0.24365659321442446,"(np.float64(1.5673559646699844), 0, np.float64(0.0008742266959738804))",0.3942416350210312,1.2463243853637123e-139,24,ag
nag,1000,214,786,"(0.9180599748318167, 0, np.float64(1.8360412362115536e-06))",0.02771707352085126,0.5721515500384186,"(np.float64(1.3472593701177358), 0, np.float64(8.930551440200681e-07))",0.08505748815749425,2.1405230404313876e-05,"(np.float64(0.9523222966137244), 0, np.float64(1.6497896080352254e-06))",0.029176858692339214,0.5058466823898233,"(np.float64(1.3314467671269348), 0, np.float64(1.0038845639398875e-06))",0.06262821849555811,0.00401332571297169,"(np.float64(1.3314467671269348), 0, np.float64(1.0038845639398875e-06))",0.4049395986527731,6.04005065581881e-117,24,nag
bg,1000,0,1000,"(11.269396933531924, 0, np.float64(3.0951011601417656e-08))",0.01503173441861183,0.9750787516766146,"(np.float64(0.30350275491220524), 0, np.float64(3.334433200950728e-07))",0.03211266497447207,0.24841714590772646,"(np.float64(3.5072018735699055), 0, np.float64(3.8694214838048186e-07))",0.0480670726370912,0.01904117661722731,"(np.float64(0.10855804051419418), 0, np.float64(3.338176425264019e-07))",0.4780854406553038,1.3136257135160382e-210,"(np.float64(0.10855804051419418), 0, np.float64(3.338176425264019e-07))",0.35908935691725086,5.848940507789293e-116,24,bg
ag,1000,8,992,"(0.9733677745874937, 0, np.float64(0.0013245234838038327))",0.05535523394571962,0.004400897640846601,"(np.float64(1.1972909945574313), 0, np.float64(0.0007111693231932959))",0.06219619697579504,0.0008866224712702692,"(np.float64(0.9484537185325265), 0, np.float64(0.0012558939292331747))",0.045981023730104154,0.029210131595143407,"(np.float64(1.4876967376291494), 0, np.float64(0.0007586948540195418))",0.032787457390019314,0.2315098034958465,"(np.float64(1.4876967376291494), 0, np.float64(0.0007586948540195418))",0.3726599591956647,3.6346806655897624e-124,25,ag
nag,1000,213,787,"(0.8869269917359205, 0, np.float64(1.8322730098048224e-06))",0.020678584768593467,0.8823707744060425,"(np.float64(1.4067464720316594), 0, np.float64(8.396414444752767e-07))",0.09485309926825108,1.2961102827402263e-06,"(np.float64(0.9312244882157202), 0, np.float64(1.5733929350461575e-06))",0.021701410446121172,0.8443624480222587,"(np.float64(1.321156762937115), 0, np.float64(9.639197946228286e-07))",0.05373133460278956,0.02047475698780039,"(np.float64(1.321156762937115), 0, np.float64(9.639197946228286e-07))",0.4251494339155111,1.3770160583205552e-129,25,nag
bg,1000,0,1000,"(10.770541044504474, 0, np.float64(3.2409038529319976e-08))",0.020748392884116118,0.7743047597781726,"(np.float64(0.31380198418629557), 0, np.float64(3.3298964983568087e-07))",0.04009967345769205,0.07807717622844301,"(np.float64(3.544722134850176), 0, np.float64(3.872241443996534e-07))",0.04555994602344304,0.03051135341675837,"(np.float64(0.10855804051419418), 0, np.float64(3.338176425264019e-07))",0.477977773572271,1.65613244073486e-210,"(np.float64(0.10855804051419418), 0, np.float64(3.338176425264019e-07))",0.37069492857423975,8.319633613494899e-124,25,bg
ag,1000,5,995,"(1.0067910580406523, 0, np.float64(0.001299599714647421))",0.049647876485608144,0.014310797992439922,"(np.float64(1.1694080059613008), 0, np.float64(0.0007378286837449888))",0.04335732012020527,0.04607765944737263,"(np.float64(0.966267846381806), 0, np.float64(0.0012867988673646677))",0.03842654375577681,0.10317218741010148,"(np.float64(1.5286333628718318), 0, np.float64(0.0007805088577531193))",0.026858643193995335,0.4616035700912916,"(np.float64(1.5286333628718318), 0, np.float64(0.0007805088577531193))",0.3910146545131544,1.5053396455631575e-137,26,ag
nag,1000,245,755,"(0.8853945379612972, 0, np.float64(1.940401040119695e-06))",0.021989349464083985,0.850582395407632,"(np.float64(1.432124122622867), 0, np.float64(8.8651387556836e-07))",0.09737887102930176,1.1037019906932369e-06,"(np.float64(0.933132136296984), 0, np.float64(1.665449573846811e-06))",0.023868758695687275,0.7735247212056957,"(np.float64(1.314543760821753), 0, np.float64(1.033531881980595e-06))",0.056159118005143616,0.01643123377901379,"(np.float64(1.314543760821753), 0, np.float64(1.033531881980595e-06))",0.42332340466739427,3.152960674856325e-123,26,nag
bg,1000,0,1000,"(10.730030113368638, 0, np.float64(3.1889595487353446e-08))",0.03191313948344726,0.2548420235423705,"(np.float64(0.31453767977853536), 0, np.float64(3.263612173585688e-07))",0.05229563238538926,0.008119223406964795,"(np.float64(3.5321065496175135), 0, np.float64(3.796536974194435e-07))",0.04805504564698426,0.019085441930192112,"(np.float64(0.10855803988698998), 0, np.float64(3.25826610693949e-07))",0.47817103472598166,1.0925883258689348e-210,"(np.float64(0.10855803988698998), 0, np.float64(3.25826610693949e-07))",0.37530115869805425,5.327091901409622e-127,26,bg
ag,1000,5,995,"(0.9388558226172878, 0, np.float64(0.0013751749034818341))",0.042091840113325896,0.05719554153502071,"(np.float64(1.2492012620264386), 0, np.float64(0.000694912226660951))",0.05408340614868129,0.0057061856170191405,"(np.float64(0.935894126259935), 0, np.float64(0.0012496060798159944))",0.03319751677850069,0.21795667088273196,"(np.float64(1.433438343523304), 0, np.float64(0.0007522429031374595))",0.0353294359660713,0.1628477195601925,"(np.float64(1.433438343523304), 0, np.float64(0.0007522429031374595))",0.37238765263144374,2.3663659217858783e-124,27,ag
nag,1000,221,779,"(0.8664324000050787, 0, np.float64(1.8936695143768987e-06))",0.022695894801914113,0.8083751441372562,"(np.float64(1.4450438017235763), 0, np.float64(8.329238413034163e-07))",0.08804245674672817,1.0544464252673743e-05,"(np.float64(0.9209461883974458), 0, np.float64(1.5806574166371175e-06))",0.025993849397431934,0.6585652979422552,"(np.float64(1.2828025418617182), 0, np.float64(9.558702765845563e-07))",0.06085505846886563,0.0059737901175175735,"(np.float64(1.2828025418617182), 0, np.float64(9.558702765845563e-07))",0.45149269279857557,1.7158444106055243e-145,27,nag
bg,1000,0,1000,"(10.514172086977519, 0, np.float64(3.268955158928217e-08))",0.017035936703476084,0.928834658743656,"(np.float64(0.3166599675172077), 0, np.float64(3.274946008121683e-07))",0.03774407975719046,0.11284929873742033,"(np.float64(3.4801361792866006), 0, np.float64(3.817713415980128e-07))",0.04541813664083094,0.0313124066002497,"(np.float64(0.10855804001145652), 0, np.float64(3.269999159177931e-07))",0.47903894722185303,1.6829876281082692e-211,"(np.float64(0.10855804001145652), 0, np.float64(3.269999159177931e-07))",0.37217273545014085,7.951164820948751e-125,27,bg
ag,1000,6,994,"(0.9349762557631313, 0, np.float64(0.0014206478851301002))",0.03872930138222652,0.09876161845507014,"(np.float64(1.241368775283065), 0, np.float64(0.0007128657440196786))",0.051389153376133256,0.010121971033657532,"(np.float64(0.9282672395496872), 0, np.float64(0.0012791829209162873))",0.029759699465523037,0.3355168353388883,"(np.float64(1.4407927221616341), 0, np.float64(0.0007698262060658186))",0.038766340941212674,0.09819717688407459,"(np.float64(1.4407927221616341), 0, np.float64(0.0007698262060658186))",0.3740976769160323,2.085326576095869e-125,28,ag
nag,1000,217,783,"(0.8897833570124192, 0, np.float64(1.977564623986262e-06))",0.03552233578387842,0.27007964572557286,"(np.float64(1.4257544863590543), 0, np.float64(9.113104994225513e-07))",0.10921351593493983,1.3739028394150017e-08,"(np.float64(0.9397126827929115), 0, np.float64(1.7120107542948328e-06))",0.03569053236185116,0.2650659283128013,"(np.float64(1.3059086276552656), 0, np.float64(1.065301018980081e-06))",0.06300607428192861,0.0038132108811916856,"(np.float64(1.3059086276552656), 0, np.float64(1.065301018980081e-06))",0.411614276973881,1.58352688892379e-120,28,nag
bg,1000,0,1000,"(10.607525430315034, 0, np.float64(3.252368652788326e-08))",0.019111462418679365,0.851424557008333,"(np.float64(0.3155871791545359), 0, np.float64(3.288678611560663e-07))",0.02599627032784335,0.5004492766294083,"(np.float64(3.445200300770862), 0, np.float64(3.8312449764106245e-07))",0.050992259390509664,0.010639896134534395,"(np.float64(0.1085580399390062), 0, np.float64(3.280220875967128e-07))",0.4775529252115853,4.129213465476335e-210,"(np.float64(0.1085580399390062), 0, np.float64(3.280220875967128e-07))",0.41978746129959704,3.2200590083844035e-160,28,bg
ag,1000,9,991,"(0.9947658714486052, 0, np.float64(0.001376037429188885))",0.06762091590178088,0.0002199615537498336,"(np.float64(1.1772122320576046), 0, np.float64(0.0007659406379952692))",0.05211376014005348,0.008857697161567311,"(np.float64(0.9574334970088356), 0, np.float64(0.0013395448557162143))",0.05688992434590823,0.0031427247580683394,"(np.float64(1.5273288232299886), 0, np.float64(0.0008127045269199096))",0.02917042589232066,0.36104927891087335,"(np.float64(1.5273288232299886), 0, np.float64(0.0008127045269199096))",0.3935873792816936,7.155736172465551e-139,29,ag
nag,1000,234,766,"(0.880427879550317, 0, np.float64(1.943093131629269e-06))",0.020314739852211106,0.903477826505253,"(np.float64(1.4116789047755733), 0, np.float64(8.790621170394945e-07))",0.08581350495037643,2.344113718526351e-05,"(np.float64(0.9295016866652474), 0, np.float64(1.6551514642154072e-06))",0.023155752946935282,0.7969917923279954,"(np.float64(1.297315740711043), 0, np.float64(1.011642113500568e-06))",0.06181231010700827,0.0054902037799942904,"(np.float64(1.297315740711043), 0, np.float64(1.011642113500568e-06))",0.43065344507176473,1.4061799361946684e-129,29,nag
bg,1000,0,1000,"(10.489649918444298, 0, np.float64(3.350521468665204e-08))",0.014002526477552513,0.988049178740718,"(np.float64(0.3173737900272261), 0, np.float64(3.3484490015446216e-07))",0.03182065161410924,0.2578613886123692,"(np.float64(3.3957301911125173), 0, np.float64(3.904149408737205e-07))",0.05229061763781928,0.008127780237157944,"(np.float64(0.10855804091639831), 0, np.float64(3.366852260501652e-07))",0.47713987065295693,1.0027524601074913e-209,"(np.float64(0.10855804091639831), 0, np.float64(3.366852260501652e-07))",0.4408978979566331,1.5469504543456511e-177,29,bg
