ligand_type,r_max,var_rate
ag,50,0.00013002365665395276
ag,50,0.0006151823598627561
ag,50,0.005675895359023977
ag,50,0.004955833549805014
ag,50,0.0011047250951449782
ag,50,0.00068273795210465
ag,50,0.002210161673546327
ag,50,0.003713373072659703
ag,50,0.0009776093327434918
ag,50,7.989184549177478e-05
ag,50,0.0
ag,50,0.0005366457249833393
ag,50,0.00037714495727959294
ag,50,0.0005878557365443743
ag,50,0.001415939052706104
ag,50,0.00037315226468490504
ag,50,0.00011551602697416496
ag,50,0.0005423164099636822
ag,50,0.0002009703767499802
ag,50,0.0027927270468469235
ag,50,0.0025397693833830014
ag,50,0.0020695395031465956
ag,50,0.0009985618149514074
ag,50,0.000626728323557965
ag,50,0.0004698513353302307
ag,50,0.001411278833301302
ag,50,0.0022851395546755315
ag,50,0.00048029747019166335
ag,50,0.005178381032133438
ag,50,0.000726355365626897
ag,50,0.00023439000568206922
ag,50,0.0005244874817157371
ag,50,0.0004308739454780455
ag,50,0.0029634737680684408
ag,50,0.00046192281469039563
ag,50,7.686405239294738e-05
ag,50,0.0010127003101409416
ag,50,1.969563442018684e-05
ag,50,0.0003414903771703758
ag,50,0.003883024143471123
ag,50,0.0007188769530479445
ag,50,0.0005883760066812742
ag,50,0.003881527381799669
ag,50,0.0003985033783203557
ag,50,3.2563846467813865e-05
ag,50,2.9873411023417108e-05
ag,50,0.002126308681380022
ag,50,0.0015447485027515076
ag,50,0.00048812745285904246
ag,50,0.0019533665781578326
ag,50,0.0005549146230497424
ag,50,0.00021787347342340607
ag,50,0.0012050153642100946
ag,50,0.005006530063202396
ag,50,0.0005059172206836795
ag,50,0.00044189405398287017
ag,50,0.014401964412636165
ag,50,0.00027346962168073595
ag,50,0.0024239149740925177
ag,50,0.0018604154359022223
ag,50,0.0
ag,50,0.00023117252778464062
ag,50,0.0006408608138247276
ag,50,0.0009019910235775794
ag,50,0.0003297875274247163
ag,50,0.0003779597502296702
ag,50,0.000923375296294465
ag,50,0.0001689605269939781
ag,50,0.0002344468016101732
ag,50,5.3702166240134785e-05
ag,50,0.000474333995383356
ag,50,0.0005093146881497484
ag,50,0.0003511446200343238
ag,50,0.0010280512742888565
ag,50,0.0013841823132069477
ag,50,9.719526977137246e-05
ag,50,0.0001807127259332035
ag,50,0.0011881797351318692
ag,50,0.0011667504374470099
ag,50,0.0004102298434906833
ag,50,0.0
ag,50,0.0012649357038603463
ag,50,0.0009867098270424483
ag,50,0.0007955601654409836
ag,50,0.0013228705394946697
ag,50,0.0007046223554890861
ag,50,0.0012978962837972988
ag,50,0.0013024872455093734
ag,50,0.0005089644039323077
ag,50,0.0006072438093472958
ag,50,0.0019566952803453034
ag,50,0.00035445006517401356
ag,50,0.0004418108981010399
ag,50,0.0017622600520652747
ag,50,0.000311640257321952
ag,50,0.0016300112082528846
ag,50,0.0009482382098084785
ag,50,0.0001790317581440502
ag,50,0.0022526278888052222
ag,50,0.00042435791686054445
ag,50,0.0008551932035813584
ag,50,0.00033452640204512525
ag,50,0.002311550170849801
ag,50,0.0
ag,50,0.0005514817727358533
ag,50,3.260960287296599e-05
ag,50,7.235145665160341e-05
ag,50,0.0005563184362992692
ag,50,0.0009530533031109639
ag,50,0.0004902224483357084
ag,50,0.0004983404132142275
ag,50,0.0025136253903340696
ag,50,0.0010691021425456733
ag,50,0.0009474417355939402
ag,50,0.0001930077762386586
ag,50,0.0019538949534500805
ag,50,0.0018379752361547248
ag,50,0.00015473281672799395
ag,50,0.0040626015421300525
ag,50,0.0024535612723073997
ag,50,0.0007675861624327102
ag,50,9.778927656248718e-05
ag,50,0.0005290218197686513
ag,50,0.00011791260368894259
ag,50,0.001658555729298717
ag,50,0.003112901919931473
ag,50,0.00024440522355913356
ag,50,0.0008104635835166705
ag,50,0.0029254511358425828
ag,50,0.0003982705307589491
ag,50,0.00316058685233987
ag,50,0.0002539909288976234
ag,50,0.00018902089856510687
ag,50,0.001370720490611948
ag,50,0.00022588114898348588
ag,50,6.310521897733662e-05
ag,50,1.746622455077974e-05
ag,50,0.0018593121297258413
ag,50,0.002255610413304162
ag,50,0.0027164874311049504
ag,50,0.0003665037741720451
ag,50,0.010931618856840183
ag,50,0.0022984461283091684
ag,50,0.001996987962847269
ag,50,0.0017254712930125367
ag,50,0.0005159034834215958
ag,50,0.0027340063218877614
ag,50,0.000244992704219522
ag,50,0.0003821261363295154
ag,50,0.0010903563050517014
ag,50,6.812006742287855e-05
ag,50,0.0008424188858054429
ag,50,0.0005656708924330997
ag,50,0.0015664861013899199
ag,50,0.0002208454326321908
ag,50,0.0011902628146917373
ag,50,0.00027303264601921787
ag,50,0.00673976383315009
ag,50,0.0014768759700019697
ag,50,0.0008212078509426449
ag,50,2.841621032398699e-05
ag,50,0.0026434438365491053
ag,50,0.001317812586080491
ag,50,0.0008408340166625039
ag,50,0.0014380198819951492
ag,50,0.00322835977360096
ag,50,0.0005015320271157759
ag,50,0.00027505456076110113
ag,50,0.0006818726120654116
ag,50,0.0012820398129058863
ag,50,0.00021386117099018935
ag,50,0.002225332278414125
ag,50,0.0022243747793270915
ag,50,0.000373751193546622
ag,50,0.0010844205661172193
ag,50,0.0001195832718261247
ag,50,0.0001681197435592374
ag,50,0.0012129095755926387
ag,50,0.0006816483244157278
ag,50,0.0010190997362177082
ag,50,0.0006698512168939407
ag,50,0.0017458556589803119
ag,50,0.0007680221224528893
ag,50,0.000800976500284412
ag,50,0.0030116934302705646
ag,50,0.0008894803137654252
ag,50,0.0006251829189890041
ag,50,0.00043770323023017255
ag,50,0.004486529442056317
ag,50,0.0018645221414281899
ag,50,0.0009072939126577428
ag,50,0.000258565847325639
ag,50,0.0009956701041738641
ag,50,0.00029697961765960316
ag,50,0.001101652318103151
ag,50,0.0022132003688178944
ag,50,0.0004325184222473686
ag,50,0.00025088533845400967
ag,50,0.0012290321431141112
ag,50,0.0001749620167437846
ag,50,0.00028775593392032486
ag,50,0.009235016213381674
ag,50,0.0003176056597822148
ag,50,0.00025794401190944215
ag,50,0.0002486341043518149
ag,50,0.004025561123882441
ag,50,0.005222858122742225
ag,50,0.0003888660134121571
ag,50,0.007379421624621485
ag,50,0.0015335581001525505
ag,50,0.000634869390844386
ag,50,0.00021874449507949982
ag,50,0.00101351285036305
ag,50,0.00017433368298098054
ag,50,0.0035404912229540842
ag,50,0.001298655903809913
ag,50,0.0008569654704958441
ag,50,0.0027221558196951303
ag,50,0.0015690386864921793
ag,50,0.0009243494903520925
ag,50,0.0004979715736342107
ag,50,4.99416280583006e-05
ag,50,0.003665298969726344
ag,50,0.0018811580832648858
ag,50,0.0007329627136019152
ag,50,0.00042432087420498434
ag,50,0.000713560815900155
ag,50,0.009416797365301079
ag,50,0.00026982921396461975
ag,50,0.0006313019630244372
ag,50,0.0006489538137838961
ag,50,0.00018040868763469396
ag,50,0.0009025560051985264
ag,50,0.00013919097595422355
ag,50,0.0003335254421534538
ag,50,0.0042610333508873695
ag,50,0.000968349333702616
ag,50,0.0006923156890906564
ag,50,0.0017144819261620712
ag,50,0.0004669055671477448
ag,50,0.0005751255994377266
ag,50,0.0
ag,50,0.0010229577498860798
ag,50,0.0001512991512404757
ag,50,0.0005877900154412396
ag,50,0.0012897644545533775
ag,50,0.0020510234464175274
ag,50,0.00016591787600846668
ag,50,0.0003220661738119693
ag,50,0.003878543130673329
ag,50,0.00010596258897371866
ag,50,0.0010252098659696077
ag,50,0.005338031507168926
ag,50,0.00023726530397524175
ag,50,0.0005398207787646617
ag,50,0.003556779881974309
ag,50,0.0009167026047576209
ag,50,0.00037646375327284466
ag,50,0.0010175860572997106
ag,50,0.0022348205451448964
ag,50,0.0002773286353980996
ag,50,0.0002899745471530178
ag,50,4.017530264534512e-05
ag,50,0.0010628328106600728
ag,50,0.0015713023961579555
ag,50,0.0007351986177613323
ag,50,0.0035877224784278718
ag,50,0.0012953790451771567
ag,50,0.00028507676243769397
ag,50,0.001491568775996535
ag,50,0.00010756849743774296
ag,50,0.0008487284396445721
ag,50,0.0004788480768721116
ag,50,0.0005360687441153509
ag,50,0.0002686022106463912
ag,50,0.001216878310365247
ag,50,0.0004823404427619439
ag,50,0.0019434194845875435
ag,50,0.0017075115472476473
ag,50,0.001621383440882448
ag,50,0.0002767509940028303
ag,50,0.0005580419312802281
ag,50,0.0013624591768267554
ag,50,0.0029092602792164905
ag,50,0.002144852461335932
ag,50,0.0014405237803962162
ag,50,0.0006353130716048178
ag,50,0.0014338830502350144
ag,50,7.287813590171325e-05
ag,50,0.00021093062974462162
ag,50,1.561587157720734e-05
ag,50,0.00783464638384534
ag,50,0.013048366916600681
ag,50,0.0011984272493945323
ag,50,0.005104987017455341
ag,50,0.001565640664222834
ag,50,0.002669089796040935
ag,50,0.0002733829625509661
ag,50,0.0002634864755890953
ag,50,0.0010579702661901893
ag,50,0.000130577686817262
ag,50,0.001963450822778211
ag,50,0.0025610853113240484
ag,50,0.0
ag,50,0.002038110775687511
ag,50,2.069321896131556e-05
ag,50,0.001617423442724058
ag,50,0.00023652393524551153
ag,50,0.0003729768985921321
ag,50,0.000956088702323088
ag,50,0.0007848201868457494
ag,50,0.0005663614095195434
ag,50,0.0009143950837510239
ag,50,0.0006599143202780872
ag,50,0.0010653703346303963
ag,50,0.0003865932349057066
ag,50,0.0001460605149342199
ag,50,0.00023252918282259542
ag,50,0.00028050505521937336
ag,50,0.001202077957574393
ag,50,0.00894064709974026
ag,50,0.0008314525139819953
ag,50,0.0008241844080571233
ag,50,0.0035507124786905283
ag,50,0.001509194169455747
ag,50,0.0010235660423456006
ag,50,0.0005687088410617527
ag,50,0.0035709903424415044
ag,50,0.0010925130034075531
ag,50,5.098529110729453e-05
ag,50,8.901894351369745e-05
ag,50,0.0007820409153295399
ag,50,0.004116757346614775
ag,50,0.0006574691333836876
ag,50,0.00029170704019390316
ag,50,0.0045937396009203876
ag,50,0.001726039410199659
ag,50,0.0015742362594679397
ag,50,0.0009913536109342129
ag,50,0.00037444743475730706
ag,50,0.002045273294386003
ag,50,0.001346657259104869
ag,50,0.00018594070499253071
ag,50,9.563215293276066e-05
ag,50,0.005318467238278843
ag,50,0.0005886638867782343
ag,50,0.0010265538531311854
ag,50,0.00010793366875347671
ag,50,0.0026343012627141347
ag,50,0.0023115388130746056
ag,50,0.012403032971478316
ag,50,0.0006633670601331749
ag,50,0.0002983419886985765
ag,50,2.818714787222007e-05
ag,50,0.002146599513703346
ag,50,0.0001796564424834531
ag,50,0.002667083780658305
ag,50,0.0007172130449312181
ag,50,0.0036158510961357884
ag,50,0.0003694274828121442
ag,50,0.005566029721241204
ag,50,0.0014910173976061497
ag,50,0.0003641137670962737
ag,50,0.001929010584378592
ag,50,0.002353883091259079
ag,50,0.0004036129461845763
ag,50,0.0005924093522927581
ag,50,8.790065254859241e-05
ag,50,0.0009685841879808104
ag,50,0.0007414984950605824
ag,50,0.0009463633892333132
ag,50,0.0002081992311669466
ag,50,0.0008331039403748316
ag,50,0.00042958852665243787
ag,50,0.0005185564901456017
ag,50,0.00038672104938033524
ag,50,0.0001387369001456529
ag,50,2.7295885206429945e-05
ag,50,0.0024330673054782986
ag,50,0.00155131017392912
ag,50,0.0001920120854718151
ag,50,0.00012255661060056418
ag,50,6.517352264896154e-05
ag,50,0.0011827882847376208
ag,50,0.004224374306825256
ag,50,0.0012161467851095366
ag,50,0.0070819350069738695
ag,50,0.0007992525060435895
ag,50,0.00010059291428801681
ag,50,0.0014261469714892934
ag,50,0.0003406185154778304
ag,50,0.00045798297734264015
ag,50,0.0010992731325988872
ag,50,0.0005664146415654609
ag,50,0.0006180538189805029
ag,50,0.003139372232706139
ag,50,0.0002083660783270927
ag,50,0.001369487231402222
ag,50,0.0007320830724926315
ag,50,0.0034585961090734282
ag,50,0.0009506458879913769
ag,50,0.0002889880211101954
ag,50,0.0016055815677208792
ag,50,0.00033493023598561657
ag,50,0.002217621451970213
ag,50,0.0008175149840833955
ag,50,0.0004005770002689356
ag,50,0.002349778075273858
ag,50,0.0014006604801196719
ag,50,0.0008355502994834776
ag,50,0.000305844208721214
ag,50,0.0023067194812381184
ag,50,0.00019259955869649123
ag,50,0.0006946066213674077
ag,50,0.0011158754166131083
ag,50,0.002371990549292089
ag,50,0.00036442187007422477
ag,50,9.825335747126e-05
ag,50,0.000515166730181625
ag,50,0.00036071380323893145
ag,50,9.897579688566789e-05
ag,50,9.134282924155233e-06
ag,50,0.0004669990041308721
ag,50,0.00014242220575323757
ag,50,0.0009306462745027274
ag,50,6.775857525623169e-05
ag,50,0.0002233336457968175
ag,50,0.0002559895971194155
ag,50,0.0007194627690038348
ag,50,0.00021600247059781416
ag,50,0.0012993220038813882
ag,50,0.0018191246223850704
ag,50,0.004123764703931971
ag,50,0.0003347800222243845
ag,50,0.003115486217538829
ag,50,0.0007554082598339926
ag,50,0.00027317162621636495
ag,50,0.00189574039019163
ag,50,0.000819593794254554
ag,50,0.000620401291133306
ag,50,0.0026457481951879416
ag,50,0.0006411923215377094
ag,50,4.862659408665257e-05
ag,50,0.004691920495429562
ag,50,0.003983103268508169
ag,50,0.0005993285322778408
ag,50,0.0011475078814295455
ag,50,0.0012630848228728044
ag,50,0.0018030218379431388
ag,50,0.000293494934882695
ag,50,0.0015629785783075247
ag,50,0.003803276932872813
ag,50,0.0006801508872466268
ag,50,0.0035319036146005136
ag,50,0.0019722532839574667
ag,50,6.010008936254182e-05
ag,50,0.00014724427055759097
ag,50,0.0004948448672386008
ag,50,0.0033545573669851694
ag,50,0.0014110174198652698
ag,50,0.0017091221860443123
ag,50,0.0031327575961834775
ag,50,0.002360384995485388
ag,50,0.000548147683539411
ag,50,0.0001444011777809702
ag,50,0.00020055804079929275
ag,50,0.00202055044811286
ag,50,0.001294070926247426
ag,50,0.00021674824043882478
ag,50,0.0006812516055714132
ag,50,0.0032554140467728272
ag,50,0.0011926027660939715
ag,50,0.001355494730059893
ag,50,0.0009732453247304037
ag,50,0.001922080048159586
ag,50,0.0005666916307335461
ag,50,0.002057867081145966
ag,50,0.005467184366872649
ag,50,0.0003743100786228872
ag,50,5.168711430189429e-05
ag,50,0.0010133433319341621
ag,50,3.3550705413976176e-05
ag,50,4.699095810770375e-05
ag,50,0.0018417577848198867
ag,50,0.0012427625662965688
ag,50,0.0012693582963964885
ag,50,0.00039385945122783823
ag,50,0.0037982437645588353
ag,50,7.96308971874249e-05
ag,50,3.3393451207069446e-05
ag,50,0.004873582811617282
ag,50,0.001036121134027638
ag,50,0.0029154980534661194
ag,50,0.0001144151016908655
ag,50,0.0009154986257170263
ag,50,0.0020475166149567497
ag,50,9.817295073405665e-05
ag,50,0.00032022624354824484
ag,50,0.004148671920420026
ag,50,0.00022108130603615774
nag,50,1.3754729076670409e-06
nag,50,1.4849443120797465e-07
nag,50,8.103326837416487e-07
nag,50,8.094362475259054e-06
nag,50,4.526484736302866e-06
nag,50,7.391763999108413e-07
nag,50,1.7104593150226828e-06
nag,50,3.4872442769017537e-06
nag,50,2.163723860010271e-06
nag,50,5.911139098221908e-07
nag,50,4.039003868252056e-06
nag,50,6.171652067756758e-07
nag,50,5.223194323167334e-07
nag,50,2.953197176772509e-07
nag,50,1.0476663987262436e-07
nag,50,1.5857441132560593e-06
nag,50,2.6555448969433384e-07
nag,50,4.5099453248319907e-07
nag,50,0.0
nag,50,1.7558379156319152e-06
nag,50,2.3715633879114597e-06
nag,50,0.0
nag,50,4.083174228366782e-06
nag,50,2.0598446238687773e-07
nag,50,0.0
nag,50,2.982461423152703e-06
nag,50,1.3103204164099994e-06
nag,50,0.0
nag,50,0.0
nag,50,1.7796970254605006e-07
nag,50,6.045320750984505e-07
nag,50,4.236670146195242e-06
nag,50,7.314150084813527e-07
nag,50,3.46506226105985e-07
nag,50,0.0
nag,50,2.005658552366365e-06
nag,50,0.0
nag,50,0.0
nag,50,5.026401703329776e-07
nag,50,7.994718898072638e-07
nag,50,3.308199051083483e-07
nag,50,0.0
nag,50,2.187687483639598e-07
nag,50,0.0
nag,50,3.5964491880008328e-06
nag,50,0.0
nag,50,5.195415681652304e-07
nag,50,4.123997868880063e-08
nag,50,2.0858596625522966e-06
nag,50,8.192370351463449e-07
nag,50,3.8717809905113945e-07
nag,50,1.979721879479013e-06
nag,50,1.9339612491332196e-06
nag,50,0.0
nag,50,4.3308209248428656e-07
nag,50,1.6437283835306217e-08
nag,50,2.5375286923455257e-06
nag,50,1.5388910032424656e-06
nag,50,0.0
nag,50,0.0
nag,50,3.3072821347033616e-06
nag,50,0.0
nag,50,2.6507730448789468e-06
nag,50,9.95862508801364e-07
nag,50,5.706990893656649e-06
nag,50,1.5961730216829914e-06
nag,50,4.1468589378043095e-07
nag,50,1.7598665905146075e-06
nag,50,2.2415464840437206e-06
nag,50,2.6028213338586295e-07
nag,50,4.083247894066936e-06
nag,50,3.3641152742923698e-06
nag,50,2.1435751186230283e-08
nag,50,3.202544298206504e-07
nag,50,2.7322089456063313e-07
nag,50,3.2357543146660873e-07
nag,50,5.320397424204107e-06
nag,50,1.5031244777996567e-06
nag,50,2.8395686449657523e-06
nag,50,7.626825926389308e-07
nag,50,1.3775940803364638e-07
nag,50,3.890360826503308e-06
nag,50,2.7069814622138563e-06
nag,50,1.1843994915338758e-06
nag,50,2.8977213177709033e-06
nag,50,1.5161441988997516e-06
nag,50,0.0
nag,50,5.125623440259795e-07
nag,50,2.1978589871579245e-07
nag,50,0.0
nag,50,1.8128818617960612e-06
nag,50,0.0
nag,50,0.0
nag,50,2.381700547119812e-06
nag,50,7.656501633578317e-07
nag,50,9.942078651852535e-07
nag,50,2.609814655654557e-06
nag,50,0.0
nag,50,2.9659614621382233e-06
nag,50,2.4699135919432594e-06
nag,50,1.309818241655703e-06
nag,50,0.0
nag,50,2.71498940994899e-07
nag,50,3.692714755463102e-07
nag,50,2.9348019144981644e-06
nag,50,1.7163386597572686e-06
nag,50,1.2673026703354762e-06
nag,50,1.2523699294565195e-08
nag,50,0.0
nag,50,6.722843922284119e-07
nag,50,0.0
nag,50,1.9686515514366964e-07
nag,50,0.0
nag,50,6.715784342010131e-06
nag,50,0.0
nag,50,1.1227054571631525e-07
nag,50,2.954379245032905e-06
nag,50,5.718108714060633e-07
nag,50,1.367545565786382e-07
nag,50,4.6108694145103835e-06
nag,50,4.049807630082994e-07
nag,50,0.0
nag,50,1.9224228533808363e-07
nag,50,3.1576224033441267e-07
nag,50,3.399182008374333e-08
nag,50,1.5086965433198374e-06
nag,50,2.2201450023741492e-07
nag,50,1.0085713646315965e-06
nag,50,1.6481341331775337e-07
nag,50,5.633566431967778e-06
nag,50,0.0
nag,50,3.2577862920208868e-06
nag,50,1.0668821580548604e-06
nag,50,0.0
nag,50,2.742214678056542e-06
nag,50,4.597746544792578e-07
nag,50,0.0
nag,50,9.232989350837816e-07
nag,50,1.6241553536733526e-07
nag,50,3.826966451563539e-06
nag,50,3.738095566974502e-06
nag,50,8.783075925091323e-07
nag,50,8.094837374560075e-08
nag,50,0.0
nag,50,6.183177421998593e-06
nag,50,1.3006476803232693e-06
nag,50,3.9004518172995607e-07
nag,50,0.0
nag,50,5.010794233664297e-07
nag,50,2.2305273919786407e-06
nag,50,9.922193739494838e-07
nag,50,7.994086344126002e-08
nag,50,1.0814512017956888e-06
nag,50,6.139248981475556e-07
nag,50,6.177163814905322e-07
nag,50,1.786360249422999e-06
nag,50,7.037996888311933e-07
nag,50,9.600938130187372e-07
nag,50,2.302272802187923e-07
nag,50,0.0
nag,50,7.249166724688642e-07
nag,50,0.0
nag,50,8.812304876993785e-08
nag,50,5.117040472273777e-06
nag,50,1.4099818407443565e-06
nag,50,1.554568155015805e-06
nag,50,3.1414343925530625e-06
nag,50,1.3701851676726522e-07
nag,50,0.0
nag,50,0.0
nag,50,4.344892455121193e-06
nag,50,1.2858579268132375e-06
nag,50,0.0
nag,50,3.5307755906910404e-07
nag,50,1.0374201761302192e-06
nag,50,4.920833166287801e-06
nag,50,0.0
nag,50,0.0
nag,50,6.006496168638046e-06
nag,50,3.852168565232234e-06
nag,50,5.412068603896795e-07
nag,50,5.359203004194785e-07
nag,50,0.0
nag,50,4.0245019443967815e-07
nag,50,1.6487370926166428e-06
nag,50,1.7336351940213823e-06
nag,50,3.6405177011242557e-07
nag,50,2.3084567995238625e-06
nag,50,2.051827614339616e-06
nag,50,1.8449360706554208e-06
nag,50,7.857417804745549e-07
nag,50,2.165294546957828e-06
nag,50,0.0
nag,50,6.905145734593374e-07
nag,50,2.9862767246310713e-06
nag,50,4.482214044855337e-07
nag,50,3.496998810400659e-06
nag,50,5.84565358601305e-06
nag,50,3.86683762331799e-06
nag,50,0.0
nag,50,5.036755504095994e-06
nag,50,0.0
nag,50,0.0
nag,50,1.9320859864734812e-07
nag,50,0.0
nag,50,1.9811707328376054e-06
nag,50,4.209740665463905e-07
nag,50,1.470205442493687e-06
nag,50,1.2714996650960336e-06
nag,50,3.5719861264717645e-06
nag,50,4.251582560169824e-08
nag,50,0.0
nag,50,1.157538218996117e-06
nag,50,1.810940354131852e-07
nag,50,3.1075904556552913e-06
nag,50,8.222187206407667e-07
nag,50,0.0
nag,50,7.099844403713815e-08
nag,50,0.0
nag,50,3.210675772407437e-06
nag,50,4.772580162000221e-06
nag,50,6.093269799885621e-07
nag,50,2.9651103773661732e-06
nag,50,7.620045013414175e-07
nag,50,7.23340627365777e-08
nag,50,2.9033570946958706e-07
nag,50,2.4269549896297304e-06
nag,50,0.0
nag,50,2.6855369922531636e-06
nag,50,1.5419791689965614e-07
nag,50,2.4965431815909556e-07
nag,50,1.047405965410278e-06
nag,50,2.6729014427459106e-06
nag,50,4.70202848863604e-06
nag,50,1.3438480783473569e-06
nag,50,7.195935219110987e-07
nag,50,0.0
nag,50,1.0239507435382433e-06
nag,50,7.757402743933393e-07
nag,50,7.073211671131514e-07
nag,50,0.0
nag,50,1.0340077985395895e-06
nag,50,2.4344023959521144e-06
nag,50,6.335169666567758e-07
nag,50,1.114606858071269e-06
nag,50,1.1254389621756236e-07
nag,50,7.783301750765339e-07
nag,50,0.0
nag,50,0.0
nag,50,3.7883112906733634e-08
nag,50,2.8994723956280494e-06
nag,50,1.6066430776391572e-06
nag,50,8.177050189683309e-07
nag,50,1.2512834228688836e-06
nag,50,6.412579337570133e-07
nag,50,0.0
nag,50,0.0
nag,50,1.116535931219116e-06
nag,50,4.033060952304538e-06
nag,50,0.0
nag,50,3.6059540797730164e-07
nag,50,0.0
nag,50,3.6361199921402304e-06
nag,50,0.0
nag,50,1.8536740932684771e-06
nag,50,2.6594551148512924e-06
nag,50,1.3373117067368011e-06
nag,50,2.4327672079107404e-07
nag,50,1.7719661639088604e-07
nag,50,1.7806063882819576e-07
nag,50,2.6364996515114677e-07
nag,50,1.2949746932498945e-06
nag,50,1.0933089449710764e-07
nag,50,1.8374355399970688e-07
nag,50,3.952307166824877e-06
nag,50,2.7640656221658257e-06
nag,50,3.7662364987887923e-06
nag,50,2.3111222349634383e-06
nag,50,2.177768014512999e-06
nag,50,2.2953546945577827e-07
nag,50,8.261621481790583e-08
nag,50,4.446407766803111e-06
nag,50,0.0
nag,50,0.0
nag,50,8.449762557913586e-07
nag,50,1.3318816415862441e-06
nag,50,1.7747441448175587e-06
nag,50,1.3413509832220604e-06
nag,50,0.0
nag,50,0.0
nag,50,9.07232476981322e-07
nag,50,4.887965272735479e-07
nag,50,5.130090941978827e-06
nag,50,5.206960474978685e-07
nag,50,1.2813726250048416e-07
nag,50,4.6818093077886653e-07
nag,50,1.5258768095143886e-06
nag,50,1.267257012576123e-06
nag,50,2.3777733366416302e-07
nag,50,5.114928796104288e-07
nag,50,0.0
nag,50,0.0
nag,50,4.1112156095693387e-07
nag,50,3.786335786863035e-06
nag,50,8.984986507023708e-08
nag,50,3.971940100030166e-07
nag,50,0.0
nag,50,6.441006572961994e-07
nag,50,0.0
nag,50,2.7558595479329903e-06
nag,50,7.532018107391567e-06
nag,50,3.0457848875665118e-06
nag,50,0.0
nag,50,7.726812921581684e-07
nag,50,1.6286043569913537e-06
nag,50,1.5708117534767282e-06
nag,50,3.983576520124116e-06
nag,50,1.5637539619895942e-06
nag,50,4.327164886399976e-06
nag,50,0.0
nag,50,8.507487393394701e-08
nag,50,0.0
nag,50,0.0
nag,50,3.3511923470456734e-06
nag,50,3.0818874882573807e-06
nag,50,6.802503920342387e-07
nag,50,0.0
nag,50,3.99468872274274e-06
nag,50,2.9973277250471156e-07
nag,50,4.059927440548456e-06
nag,50,1.533126973053496e-07
nag,50,0.0
nag,50,2.379248750147987e-06
nag,50,0.0
nag,50,0.0
nag,50,9.3643496114389e-08
nag,50,2.3590812992947044e-06
nag,50,5.69506032512112e-06
nag,50,0.0
nag,50,0.0
nag,50,5.074061638790806e-07
nag,50,2.0231667870987897e-06
nag,50,0.0
nag,50,7.477816858241576e-07
nag,50,7.833423435289684e-07
nag,50,1.1152689574645994e-07
nag,50,4.0933455349667203e-07
nag,50,0.0
nag,50,1.2819287144237093e-06
nag,50,2.3992477825148007e-07
nag,50,2.9502303262655455e-07
nag,50,0.0
nag,50,1.885849146507944e-07
nag,50,3.7453946601987906e-07
nag,50,1.2956014974956311e-06
nag,50,1.3704889209395108e-06
nag,50,1.2704424452050498e-06
nag,50,3.251732142709135e-07
nag,50,0.0
nag,50,0.0
nag,50,1.256806895773229e-07
nag,50,3.0242368801694783e-06
nag,50,0.0
nag,50,1.4037550592245664e-06
nag,50,1.3390427394064734e-07
nag,50,4.327715046253823e-06
nag,50,1.2403595201344952e-06
nag,50,6.46666841557155e-07
nag,50,6.619121646460303e-07
nag,50,1.6022236702730834e-06
nag,50,3.9060195205915795e-07
nag,50,1.0068716306495335e-06
nag,50,0.0
nag,50,1.373182064837005e-08
nag,50,4.362394872319886e-06
nag,50,3.452348401962016e-06
nag,50,2.948800164127667e-07
nag,50,1.860421864881168e-06
nag,50,3.0143291176075263e-07
nag,50,0.0
nag,50,0.0
nag,50,1.1503822643429504e-06
nag,50,4.010515006603422e-07
nag,50,9.72588229635076e-07
nag,50,0.0
nag,50,1.0806253280669261e-05
nag,50,9.721509788523693e-07
nag,50,0.0
nag,50,1.5096853130412447e-06
nag,50,0.0
nag,50,3.3861964100138566e-07
nag,50,7.361311158080985e-07
nag,50,3.678125005326886e-08
nag,50,1.2370292636648183e-06
nag,50,1.820781245594953e-06
nag,50,0.0
nag,50,5.605214566672126e-07
nag,50,1.1657232402086648e-06
nag,50,3.1219233513383327e-06
nag,50,2.241599066767728e-06
nag,50,4.734558741793241e-06
nag,50,0.0
nag,50,0.0
nag,50,0.0
nag,50,8.58393086644103e-07
nag,50,5.453652635189619e-06
nag,50,3.8917588200272346e-07
nag,50,0.0
nag,50,5.146412405120672e-07
nag,50,0.0
nag,50,4.7314216717281917e-07
nag,50,0.0
nag,50,1.18245462092705e-07
nag,50,3.2397303246273574e-07
nag,50,6.718368216343e-07
nag,50,0.0
nag,50,2.8923504952048457e-06
nag,50,0.0
nag,50,0.0
nag,50,1.1271376490449976e-06
nag,50,0.0
nag,50,1.7687568625581933e-07
nag,50,8.081084155963657e-08
nag,50,1.7831746730416792e-06
nag,50,1.711036967245043e-06
nag,50,2.462233097759373e-07
nag,50,0.0
nag,50,7.680169266823787e-07
nag,50,8.409532039038387e-07
nag,50,1.0292064648929368e-06
nag,50,4.6671011959639323e-07
nag,50,4.286575307895222e-08
nag,50,5.467493209529784e-06
nag,50,8.821022548996382e-07
nag,50,8.005761125289072e-07
nag,50,8.713038345104356e-08
nag,50,2.6049509978081766e-06
nag,50,0.0
nag,50,7.242457885842537e-08
nag,50,4.389904783049199e-08
nag,50,0.0
nag,50,1.921792607740981e-06
nag,50,1.802877778540701e-06
nag,50,0.0
nag,50,0.0
nag,50,2.7613343362776957e-06
nag,50,8.39736117027752e-07
nag,50,3.5378985639534758e-06
nag,50,6.40058163131319e-08
nag,50,3.672775313589652e-07
nag,50,1.8322622731816317e-06
nag,50,0.0
nag,50,2.530952199695346e-07
nag,50,1.1900846648274659e-07
nag,50,1.8137805201144291e-07
nag,50,2.3834498570606453e-06
nag,50,3.99073578003462e-07
nag,50,0.0
nag,50,2.2856947757430266e-07
nag,50,0.0
nag,50,2.432171599158339e-06
nag,50,4.656858965277467e-06
nag,50,6.27480403553053e-07
nag,50,1.877015645941594e-06
nag,50,3.413547410049537e-07
nag,50,6.278179762978263e-07
nag,50,4.194249582292772e-07
nag,50,1.0377895070843723e-06
nag,50,4.434622685770425e-06
nag,50,0.0
nag,50,4.833863712463481e-07
nag,50,0.0
nag,50,0.0
nag,50,1.7901110335619047e-07
nag,50,0.0
nag,50,2.950004846524762e-06
nag,50,8.270434596416907e-08
nag,50,6.09208039514721e-06
nag,50,1.966785658124744e-06
nag,50,2.6184846621451364e-08
nag,50,7.719001896470764e-07
nag,50,0.0
nag,50,1.1639245777112509e-07
nag,50,0.0
nag,50,4.4595321484170395e-07
nag,50,1.2583482887738285e-07
nag,50,2.462296479226207e-06
nag,50,4.925135518308659e-06
nag,50,4.656626988527465e-07
nag,50,0.0
nag,50,2.372455800471508e-06
nag,50,1.0262476544309483e-07
nag,50,1.0069984987135458e-06
nag,50,0.0
nag,50,8.297653821880377e-06
nag,50,0.0
nag,50,3.706053335627097e-06
nag,50,3.5725480902570583e-06
nag,50,0.0
nag,50,5.538752964612838e-08
bg,50,5.079222010144879e-07
bg,50,5.834607758797511e-07
bg,50,3.407634848598538e-07
bg,50,3.380670189042241e-07
bg,50,5.905886312684888e-07
bg,50,3.0495188768628526e-07
bg,50,4.924544607355093e-07
bg,50,2.8936956245855304e-07
bg,50,6.43271033938261e-07
bg,50,3.9548934051681254e-07
bg,50,3.3423774597496635e-07
bg,50,7.128256075211249e-07
bg,50,4.877206020456557e-07
bg,50,2.409879975620152e-07
bg,50,3.3602266743812896e-07
bg,50,3.5354867168058127e-07
bg,50,2.3962109220180874e-07
bg,50,4.590562337576712e-07
bg,50,3.9742064701806715e-07
bg,50,3.341264580304716e-07
bg,50,1.564616880082491e-07
bg,50,4.909136270237925e-07
bg,50,4.4121885610722146e-07
bg,50,2.1626911201958234e-07
bg,50,4.063846704277455e-07
bg,50,4.114956095750671e-07
bg,50,3.28447027438629e-07
bg,50,3.6879965306115936e-07
bg,50,4.189311659171473e-07
bg,50,4.2879682307591527e-07
bg,50,2.966638575062801e-07
bg,50,4.5524826067451165e-07
bg,50,2.491821249306594e-07
bg,50,4.3077273176818804e-07
bg,50,3.3192737644510543e-07
bg,50,4.052109968534839e-07
bg,50,3.5287853880713797e-07
bg,50,3.1458832356354575e-07
bg,50,3.612937473914898e-07
bg,50,3.951806101616529e-07
bg,50,5.643609589790214e-07
bg,50,2.7301357160578194e-07
bg,50,3.042640899938236e-07
bg,50,2.692274556054466e-07
bg,50,4.681450184643279e-07
bg,50,2.702388768021155e-07
bg,50,3.8493890942376404e-07
bg,50,3.9441400800072324e-07
bg,50,1.330036275737284e-07
bg,50,3.1088015123154753e-07
bg,50,4.1129736299906546e-07
bg,50,3.7952910711932937e-07
bg,50,2.416834781593838e-07
bg,50,4.211306940201654e-07
bg,50,4.184749163334141e-07
bg,50,2.7291345351411046e-07
bg,50,3.729295397271108e-07
bg,50,4.2771123670335964e-07
bg,50,3.7664427056140517e-07
bg,50,3.171469501027195e-07
bg,50,2.9096714986227954e-07
bg,50,2.681905403083525e-07
bg,50,3.245711867735172e-07
bg,50,3.9039285413673724e-07
bg,50,4.534448681426357e-07
bg,50,3.7245021052210174e-07
bg,50,4.311184552781148e-07
bg,50,3.375735322720831e-07
bg,50,3.876908462558691e-07
bg,50,3.241635470009972e-07
bg,50,1.6888149038919472e-07
bg,50,5.258285823320719e-07
bg,50,2.0352250363045762e-07
bg,50,4.170023384382569e-07
bg,50,2.44934742668359e-07
bg,50,2.0026995663796235e-07
bg,50,2.825366072481434e-07
bg,50,3.979156860204484e-07
bg,50,2.9674388575156276e-07
bg,50,4.502472400417166e-07
bg,50,4.681253651417014e-07
bg,50,3.1344230774531714e-07
bg,50,5.483772105864829e-07
bg,50,3.2253413931933375e-07
bg,50,3.4969852384775044e-07
bg,50,5.031884925336481e-07
bg,50,4.029778491244878e-07
bg,50,3.2834764340030795e-07
bg,50,2.580568624341207e-07
bg,50,3.516402971875717e-07
bg,50,5.614276309135171e-07
bg,50,3.736396587258995e-07
bg,50,2.5865961770531703e-07
bg,50,2.8599108056856524e-07
bg,50,3.094325504473584e-07
bg,50,5.724185337793145e-07
bg,50,3.700984141582484e-07
bg,50,5.66327770668862e-07
bg,50,2.5282351236548746e-07
bg,50,4.6096737924002145e-07
bg,50,3.8836963430569893e-07
bg,50,2.0885730604854875e-07
bg,50,3.10471055120263e-07
bg,50,5.237372937098204e-07
bg,50,4.862062018744732e-07
bg,50,2.846944127544124e-07
bg,50,3.2925751499368533e-07
bg,50,3.4670178963858246e-07
bg,50,4.4371237822218584e-07
bg,50,3.8850420123512545e-07
bg,50,2.5490379380875614e-07
bg,50,4.629581804125818e-07
bg,50,3.396994790344134e-07
bg,50,1.7206884544408648e-07
bg,50,3.3584106534879114e-07
bg,50,2.7547184147437516e-07
bg,50,2.2184888243056052e-07
bg,50,3.3445987926504225e-07
bg,50,4.881810272952525e-07
bg,50,3.6338267365666904e-07
bg,50,1.9669847413919134e-07
bg,50,4.027389596621993e-07
bg,50,4.2162285392900113e-07
bg,50,2.2817301353624661e-07
bg,50,3.076299949411015e-07
bg,50,4.503567007925984e-07
bg,50,2.5364235237733306e-07
bg,50,4.4972593734031287e-07
bg,50,4.182775498192592e-07
bg,50,3.0850922574905214e-07
bg,50,3.0220919589795646e-07
bg,50,3.300675350934027e-07
bg,50,3.400502119192287e-07
bg,50,5.315444904253076e-07
bg,50,4.6367670417170225e-07
bg,50,2.4772340559348625e-07
bg,50,5.918738990972534e-07
bg,50,4.891396609549622e-07
bg,50,4.2144350607246733e-07
bg,50,5.192239551721962e-07
bg,50,4.117595967754843e-07
bg,50,1.8415891698612639e-07
bg,50,4.3369825459605004e-07
bg,50,4.122075203183611e-07
bg,50,2.419568423485003e-07
bg,50,4.947466888436817e-07
bg,50,2.0073338825884655e-07
bg,50,3.574217825985361e-07
bg,50,2.8539064434862986e-07
bg,50,3.555623794229526e-07
bg,50,4.038274408012318e-07
bg,50,3.972009471194503e-07
bg,50,3.8211741667184147e-07
bg,50,1.7576751625200875e-07
bg,50,3.537794050273558e-07
bg,50,3.895273418872663e-07
bg,50,2.3663407768071976e-07
bg,50,3.0673106555604414e-07
bg,50,3.4912206169802477e-07
bg,50,2.940491487159326e-07
bg,50,2.0332784651817175e-07
bg,50,3.0435287002329397e-07
bg,50,1.7168342900590325e-07
bg,50,2.864568692688667e-07
bg,50,3.270017342108698e-07
bg,50,3.607591421267676e-07
bg,50,1.9013085308856076e-07
bg,50,2.2383930734619285e-07
bg,50,4.895461764044517e-07
bg,50,3.504570276482527e-07
bg,50,4.0625498157221845e-07
bg,50,4.6874546902884093e-07
bg,50,3.313082484008974e-07
bg,50,2.8889283247347516e-07
bg,50,3.164395202953258e-07
bg,50,1.7167392253582382e-07
bg,50,4.2652579007120574e-07
bg,50,4.7483080039869466e-07
bg,50,4.1655216991192836e-07
bg,50,3.902820184815481e-07
bg,50,4.693204523284658e-07
bg,50,4.2216596123975123e-07
bg,50,2.756136265472186e-07
bg,50,6.764746412771241e-07
bg,50,4.3051293836848064e-07
bg,50,2.981436868518916e-07
bg,50,5.231756627615604e-07
bg,50,2.5921391615739267e-07
bg,50,2.8251634243433466e-07
bg,50,5.313748680691344e-07
bg,50,3.646814604739051e-07
bg,50,3.7735510317912503e-07
bg,50,3.427607080178536e-07
bg,50,4.6375500815886634e-07
bg,50,3.783410563022661e-07
bg,50,3.328628960426606e-07
bg,50,4.4744992496661456e-07
bg,50,2.643330222103295e-07
bg,50,3.3942282394644023e-07
bg,50,3.3737721467933903e-07
bg,50,2.328940888334265e-07
bg,50,4.2725641844440283e-07
bg,50,3.260251943492101e-07
bg,50,5.332242914394138e-07
bg,50,4.523972544006662e-07
bg,50,2.9204836261092946e-07
bg,50,4.646592825362895e-07
bg,50,3.6217999112986963e-07
bg,50,2.7890708004883235e-07
bg,50,2.393405165685879e-07
bg,50,3.0719969727221734e-07
bg,50,4.167467430905166e-07
bg,50,4.74986758495436e-07
bg,50,2.2863002376059414e-07
bg,50,2.1910062420447008e-07
bg,50,4.201107950570877e-07
bg,50,4.206831876208657e-07
bg,50,4.901724468812265e-07
bg,50,2.6310668923839974e-07
bg,50,1.857406615575589e-07
bg,50,3.207364695183967e-07
bg,50,2.9016683033441327e-07
bg,50,1.5679328441097543e-07
bg,50,4.621061148828294e-07
bg,50,4.2281075940612155e-07
bg,50,2.9552714895188364e-07
bg,50,4.846342923951568e-07
bg,50,2.74945342785536e-07
bg,50,3.6347852742596363e-07
bg,50,3.354180166510283e-07
bg,50,1.6747939605468235e-07
bg,50,3.955418579556743e-07
bg,50,3.437306732605645e-07
bg,50,3.479779154618708e-07
bg,50,2.6319434473345213e-07
bg,50,1.5205067751224054e-07
bg,50,3.9353128425133866e-07
bg,50,2.4433762842242767e-07
bg,50,2.529133456410813e-07
bg,50,2.2197013462517102e-07
bg,50,3.0208826354304963e-07
bg,50,3.619359332663147e-07
bg,50,3.9799534877180457e-07
bg,50,3.015232142905563e-07
bg,50,1.465406296986472e-07
bg,50,3.336995760399423e-07
bg,50,4.1559325182711255e-07
bg,50,3.792782026568878e-07
bg,50,1.527620012162247e-07
bg,50,2.3780221797887455e-07
bg,50,2.449259616727146e-07
bg,50,4.4066934922565864e-07
bg,50,2.2596653419668233e-07
bg,50,3.9997312519898017e-07
bg,50,1.4214969944527453e-07
bg,50,3.7410602270062635e-07
bg,50,3.1984610803821396e-07
bg,50,4.865562545382945e-07
bg,50,3.5292185181270016e-07
bg,50,3.6968331432291126e-07
bg,50,2.4495259861584566e-07
bg,50,4.566152132413838e-07
bg,50,2.522871301708813e-07
bg,50,2.6423105597827344e-07
bg,50,4.091255079595571e-07
bg,50,2.9719334360805756e-07
bg,50,2.394216555671727e-07
bg,50,2.901835313718291e-07
bg,50,2.9700186436854055e-07
bg,50,4.641089267113165e-07
bg,50,2.2683765648843224e-07
bg,50,4.338736782552902e-07
bg,50,3.6441551930811964e-07
bg,50,2.7730276626178427e-07
bg,50,3.868785038958265e-07
bg,50,2.3843491197529843e-07
bg,50,3.316863891642425e-07
bg,50,2.2334732862967534e-07
bg,50,2.521797483436308e-07
bg,50,2.4066053515941173e-07
bg,50,3.2826840814695636e-07
bg,50,3.453119294809577e-07
bg,50,2.8761607337144017e-07
bg,50,4.823216089860424e-07
bg,50,3.6985066216980084e-07
bg,50,3.6205963667399656e-07
bg,50,3.720009925068234e-07
bg,50,2.5358488722047343e-07
bg,50,1.8697773002393418e-07
bg,50,4.3095140998978257e-07
bg,50,2.7051685248498045e-07
bg,50,3.0055495400137473e-07
bg,50,3.470074970010003e-07
bg,50,3.8574001484331094e-07
bg,50,3.903123347130088e-07
bg,50,3.6515628538990297e-07
bg,50,4.901488367098161e-07
bg,50,3.8205907146626664e-07
bg,50,2.606298348351305e-07
bg,50,1.9340867604785167e-07
bg,50,2.1697667999052612e-07
bg,50,2.6466508072132653e-07
bg,50,2.2790374283005313e-07
bg,50,1.5372185688229433e-07
bg,50,2.433770060702489e-07
bg,50,3.545727554757184e-07
bg,50,1.3331510508391773e-07
bg,50,3.3869340010902883e-07
bg,50,3.309705975756814e-07
bg,50,3.8120804063987007e-07
bg,50,5.120945927613613e-07
bg,50,4.975211910631109e-07
bg,50,2.6322710168734026e-07
bg,50,3.963067981218746e-07
bg,50,4.594785883639838e-07
bg,50,2.9076083852424496e-07
bg,50,3.516478937804903e-07
bg,50,4.558252876559171e-07
bg,50,2.554589920160753e-07
bg,50,3.7363496683255065e-07
bg,50,3.768615765426301e-07
bg,50,3.8168488461068677e-07
bg,50,3.0822056032844746e-07
bg,50,1.7507682595760325e-07
bg,50,3.88038079630227e-07
bg,50,4.037211472309872e-07
bg,50,4.169252060995893e-07
bg,50,3.3364111129440003e-07
bg,50,3.2272558742754365e-07
bg,50,4.776293301974641e-07
bg,50,3.664789339297699e-07
bg,50,3.4752887855792286e-07
bg,50,2.702379353412099e-07
bg,50,1.0520491436975805e-07
bg,50,3.4217498408375194e-07
bg,50,3.209323265383023e-07
bg,50,5.236979433785833e-07
bg,50,3.2302648382380604e-07
bg,50,4.193878227712684e-07
bg,50,3.5635429938437404e-07
bg,50,4.280106878675375e-07
bg,50,3.598864364522309e-07
bg,50,4.92010005346167e-07
bg,50,3.5663009369487645e-07
bg,50,3.962618991809613e-07
bg,50,2.6047820853795054e-07
bg,50,4.624936300517886e-07
bg,50,3.359295247850135e-07
bg,50,4.091829455211502e-07
bg,50,3.087356258308089e-07
bg,50,5.0735144956327e-07
bg,50,3.295471983547712e-07
bg,50,3.1106135898332006e-07
bg,50,3.7726720097233776e-07
bg,50,3.2901881465512064e-07
bg,50,5.23907460493928e-07
bg,50,5.677717954096203e-07
bg,50,3.74911399152003e-07
bg,50,2.687177977432738e-07
bg,50,3.469229399124488e-07
bg,50,3.3768406261634104e-07
bg,50,2.756918305975046e-07
bg,50,1.5577392814274303e-07
bg,50,2.670468397173047e-07
bg,50,3.0282872971966133e-07
bg,50,3.353166188051955e-07
bg,50,3.114253706581852e-07
bg,50,2.325668123887138e-07
bg,50,2.2364531956395997e-07
bg,50,4.681169652447509e-07
bg,50,3.077527021185228e-07
bg,50,2.808011799950829e-07
bg,50,3.0294307927446576e-07
bg,50,2.381293632577778e-07
bg,50,2.2770842031221177e-07
bg,50,3.9760598835501647e-07
bg,50,5.394298288215621e-07
bg,50,1.5469880516241656e-07
bg,50,4.2908498669724185e-07
bg,50,4.895375307272963e-07
bg,50,3.6844541612602526e-07
bg,50,3.4194904391770126e-07
bg,50,3.2930284580237744e-07
bg,50,4.882780689285479e-07
bg,50,2.5322980966233847e-07
bg,50,2.754012795250957e-07
bg,50,4.3197015096042857e-07
bg,50,4.136237615002961e-07
bg,50,3.564229377524346e-07
bg,50,4.5303028426256e-07
bg,50,3.968021726298618e-07
bg,50,1.8364774307049786e-07
bg,50,4.4197608344725745e-07
bg,50,5.146857394995888e-07
bg,50,3.0917979523174553e-07
bg,50,3.462880216559783e-07
bg,50,1.9960548226246615e-07
bg,50,3.667578844084535e-07
bg,50,3.43806603655767e-07
bg,50,4.471078243741943e-07
bg,50,3.9983517330877943e-07
bg,50,1.2571762264232601e-07
bg,50,2.989414390365804e-07
bg,50,2.74017889399445e-07
bg,50,5.47424086867151e-07
bg,50,3.4342681448863926e-07
bg,50,2.8912623114800586e-07
bg,50,3.294646539460146e-07
bg,50,3.495881500854971e-07
bg,50,4.4028430466484936e-07
bg,50,1.722403225490724e-07
bg,50,7.18782507366434e-07
bg,50,3.1361545496873226e-07
bg,50,4.125825150457046e-07
bg,50,3.676593186203059e-07
bg,50,4.83903010745602e-07
bg,50,5.156193037997252e-07
bg,50,2.266120240862628e-07
bg,50,3.2140549052182546e-07
bg,50,4.18289865139975e-07
bg,50,3.0975750399403e-07
bg,50,2.7888323820050494e-07
bg,50,2.032472743395098e-07
bg,50,3.696951566400634e-07
bg,50,4.187684511697635e-07
bg,50,3.486765889418196e-07
bg,50,2.78671638821571e-07
bg,50,4.912837217429025e-07
bg,50,3.486282071819654e-07
bg,50,2.1228164908266546e-07
bg,50,4.878709744696431e-07
bg,50,3.7428470404464325e-07
bg,50,4.062421719004678e-07
bg,50,1.6983849675039368e-07
bg,50,4.1847381327928193e-07
bg,50,4.287804856618908e-07
bg,50,2.2958418673218985e-07
bg,50,3.6975153678211195e-07
bg,50,2.4240449012359755e-07
bg,50,3.2647777985806575e-07
bg,50,2.3090502386649066e-07
bg,50,2.38040668212045e-07
bg,50,3.4562179661820726e-07
bg,50,3.6649179350657895e-07
bg,50,3.8187129479263485e-07
bg,50,1.9162819129609705e-07
bg,50,3.4990422222012114e-07
bg,50,1.6456282417532554e-07
bg,50,4.107666964172359e-07
bg,50,2.722820663254545e-07
bg,50,4.0523511675945335e-07
bg,50,2.1843499380710274e-07
bg,50,2.7495814487720216e-07
bg,50,3.994505338598848e-07
bg,50,3.430784014199076e-07
bg,50,4.4487219878882587e-07
bg,50,5.036119534014254e-07
bg,50,5.011087504686605e-07
bg,50,2.0081862413842607e-07
bg,50,5.400201880293862e-07
bg,50,3.782866875772717e-07
bg,50,3.4419040163234656e-07
bg,50,3.461903870322275e-07
bg,50,5.189105346060966e-07
bg,50,2.1852847894048707e-07
bg,50,3.220220080603941e-07
bg,50,3.1443470784598884e-07
bg,50,1.5788040885965684e-07
bg,50,4.32826748267508e-07
bg,50,3.435522644812626e-07
bg,50,2.3903393463121993e-07
bg,50,2.2639689524698332e-07
bg,50,3.9068278674387063e-07
bg,50,3.851497710659368e-07
bg,50,2.729150550067285e-07
bg,50,3.6077738718956966e-07
bg,50,4.987107127127948e-07
bg,50,3.338954403693415e-07
bg,50,3.118798577316114e-07
bg,50,6.304604093541532e-07
bg,50,3.7202770873936333e-07
bg,50,3.1930285363640993e-07
bg,50,3.8362604653453343e-07
bg,50,7.101606688295799e-07
bg,50,2.558755040153785e-07
bg,50,6.509749107776051e-07
bg,50,2.6659979636475263e-07
bg,50,3.105686064325722e-07
bg,50,4.645492712927772e-07
bg,50,1.9126127179821996e-07
bg,50,3.728534535015977e-07
bg,50,2.13372301168749e-07
bg,50,3.130283347148761e-07
bg,50,1.9274445252015086e-07
bg,50,4.321860613062435e-07
bg,50,2.596945716966619e-07
bg,50,2.873007887520211e-07
bg,50,4.6914239761522564e-07
bg,50,2.927144717987071e-07
bg,50,2.773235250368949e-07
