tau1,tau2,local_tpr,local_fpr,global_tpr,global_fpr
2.9152471454268577e-09,2.9152471454268577e-09,0.9840639999999999,0.804609,1.0,0.9999999999999934
2.9152471454268577e-09,4.246525701957757e-09,0.9840639999999999,0.803712,1.0,0.9999999999999928
2.9152471454268577e-09,6.185746743865652e-09,0.9840639999999999,0.803712,1.0,0.9999999999999928
2.9152471454268577e-09,9.010533660871069e-09,0.9840639999999999,0.803712,1.0,0.9999999999999928
2.9152471454268577e-09,1.312528951079442e-08,0.9840639999999999,0.801918,1.0,0.9999999999999913
2.9152471454268577e-09,1.9119092300856683e-08,0.9840639999999999,0.801021,1.0,0.9999999999999906
2.9152471454268577e-09,2.7850028763788594e-08,0.9840639999999999,0.799227,1.0,0.9999999999999887
2.9152471454268577e-09,4.056804004806745e-08,0.9840639999999999,0.7947420000000001,1.0,0.9999999999999823
2.9152471454268577e-09,5.9093866196701257e-08,0.9840639999999999,0.7920510000000001,1.0,0.9999999999999771
2.9152471454268577e-09,8.607970752188174e-08,0.9840639999999999,0.7866690000000001,1.0,0.9999999999999619
2.9152471454268577e-09,1.2538891976349198e-07,0.9840639999999999,0.77142,1.0,0.9999999999998483
2.9152471454268577e-09,1.8264910107250015e-07,0.9840639999999999,0.738231,1.0,0.9999999999977177
2.9152471454268577e-09,2.660577520367602e-07,0.9840639999999999,0.643149,1.0,0.9999999988786573
2.9152471454268577e-09,3.875558489102902e-07,0.9840639999999999,0.445809,1.0,0.9999925322568494
2.9152471454268577e-09,5.645373415160749e-07,0.9840639999999999,0.274482,1.0,0.9983670840398704
2.9152471454268577e-09,8.223393115138079e-07,0.9840639999999999,0.21528,1.0,0.992160390499904
2.9152471454268577e-09,1.1978692878755266e-06,0.9840639999999999,0.173121,1.0,0.9776725436786892
2.9152471454268577e-09,1.7448890144799161e-06,0.9840639999999999,0.12468300000000002,1.0,0.9302880446707492
2.9152471454268577e-09,2.541711106269776e-06,0.9840639999999999,0.07355400000000001,1.0,0.7830287399515474
2.9152471454268577e-09,3.7024104651496657e-06,0.9840639999999999,0.041262,1.0,0.5694745560140109
2.9152471454268577e-09,5.3931555079709445e-06,0.9840639999999999,0.011661,1.0,0.20910530856373644
2.9152471454268577e-09,7.855997223144614e-06,0.9840639999999999,0.003588,1.0,0.06936585253215577
2.9152471454268577e-09,1.1443521752495402e-05,0.9840639999999999,0.000897,1.0,0.01778794393942329
2.9152471454268577e-09,1.6669327442483087e-05,0.98208,0.0,1.0,0.0
2.9152471454268577e-09,2.4281552776716436e-05,0.97216,0.0,1.0,0.0
2.9152471454268577e-09,3.536998161940474e-05,0.964224,0.0,1.0,0.0
2.9152471454268577e-09,5.152205920523527e-05,0.9523199999999999,0.0,1.0,0.0
2.9152471454268577e-09,7.505015448725706e-05,0.944384,0.0,1.0,0.0
2.9152471454268577e-09,0.00010932260424848891,0.928512,0.0,1.0,0.0
2.9152471454268577e-09,0.00015924593202137896,0.886848,0.0,1.0,0.0
2.9152471454268577e-09,0.00023196727739595695,0.8451839999999999,0.0,0.9999999999999999,0.0
2.9152471454268577e-09,0.0003378975971283771,0.769792,0.0,0.9999999999998253,0.0
2.9152471454268577e-09,0.0004922021218977373,0.686464,0.0,0.9999999999157154,0.0
2.9152471454268577e-09,0.0007169714459632347,0.52576,0.0,0.9999996688966009,0.0
2.9152471454268577e-09,0.001044384067961034,0.420608,0.0,0.9999818260266411,0.0
2.9152471454268577e-09,0.0015213131395288076,0.28569599999999995,0.0,0.9988041914828366,0.0
2.9152471454268577e-09,0.0022160369345938236,0.166656,0.0,0.9739092683657167,0.0
2.9152471454268577e-09,0.003228013725698186,0.07936,0.0,0.8086639499146395,0.0
2.9152471454268577e-09,0.004702120461365765,0.037696,0.0,0.5362906845564235,0.0
2.9152471454268577e-09,0.006849393686643143,0.013888000000000001,0.0,0.24399463883065753,0.0
4.246525701957757e-09,4.246525701957757e-09,0.9840639999999999,0.8028160000000001,1.0,0.9999999999999921
4.246525701957757e-09,6.185746743865652e-09,0.9840639999999999,0.8028160000000001,1.0,0.9999999999999921
4.246525701957757e-09,9.010533660871069e-09,0.9840639999999999,0.8028160000000001,1.0,0.9999999999999921
4.246525701957757e-09,1.312528951079442e-08,0.9840639999999999,0.8010240000000001,1.0,0.9999999999999906
4.246525701957757e-09,1.9119092300856683e-08,0.9840639999999999,0.8001280000000001,1.0,0.9999999999999897
4.246525701957757e-09,2.7850028763788594e-08,0.9840639999999999,0.798336,1.0,0.9999999999999877
4.246525701957757e-09,4.056804004806745e-08,0.9840639999999999,0.793856,1.0,0.9999999999999808
4.246525701957757e-09,5.9093866196701257e-08,0.9840639999999999,0.791168,1.0,0.9999999999999751
4.246525701957757e-09,8.607970752188174e-08,0.9840639999999999,0.785792,1.0,0.9999999999999586
4.246525701957757e-09,1.2538891976349198e-07,0.9840639999999999,0.77056,1.0,0.9999999999998366
4.246525701957757e-09,1.8264910107250015e-07,0.9840639999999999,0.737408,1.0,0.9999999999975698
4.246525701957757e-09,2.660577520367602e-07,0.9840639999999999,0.642432,1.0,0.9999999988327257
4.246525701957757e-09,3.875558489102902e-07,0.9840639999999999,0.445312,1.0,0.9999923971677027
4.246525701957757e-09,5.645373415160749e-07,0.9840639999999999,0.274176,1.0,0.9983532544879508
4.246525701957757e-09,8.223393115138079e-07,0.9840639999999999,0.21504,1.0,0.9921122973448486
4.246525701957757e-09,1.1978692878755266e-06,0.9840639999999999,0.172928,1.0,0.9775680841974177
4.246525701957757e-09,1.7448890144799161e-06,0.9840639999999999,0.12454400000000002,1.0,0.9300663057128851
4.246525701957757e-09,2.541711106269776e-06,0.9840639999999999,0.07347200000000001,1.0,0.7826443330603896
4.246525701957757e-09,3.7024104651496657e-06,0.9840639999999999,0.041216,1.0,0.5690612376744324
4.246525701957757e-09,5.3931555079709445e-06,0.9840639999999999,0.011648,1.0,0.2088972237698924
4.246525701957757e-09,7.855997223144614e-06,0.9840639999999999,0.003584,1.0,0.06929113085961358
4.246525701957757e-09,1.1443521752495402e-05,0.9840639999999999,0.000896,1.0,0.017768281874640413
4.246525701957757e-09,1.6669327442483087e-05,0.98208,0.0,1.0,0.0
4.246525701957757e-09,2.4281552776716436e-05,0.97216,0.0,1.0,0.0
4.246525701957757e-09,3.536998161940474e-05,0.964224,0.0,1.0,0.0
4.246525701957757e-09,5.152205920523527e-05,0.9523199999999999,0.0,1.0,0.0
4.246525701957757e-09,7.505015448725706e-05,0.944384,0.0,1.0,0.0
4.246525701957757e-09,0.00010932260424848891,0.928512,0.0,1.0,0.0
4.246525701957757e-09,0.00015924593202137896,0.886848,0.0,1.0,0.0
4.246525701957757e-09,0.00023196727739595695,0.8451839999999999,0.0,0.9999999999999999,0.0
4.246525701957757e-09,0.0003378975971283771,0.769792,0.0,0.9999999999998253,0.0
4.246525701957757e-09,0.0004922021218977373,0.686464,0.0,0.9999999999157154,0.0
4.246525701957757e-09,0.0007169714459632347,0.52576,0.0,0.9999996688966009,0.0
4.246525701957757e-09,0.001044384067961034,0.420608,0.0,0.9999818260266411,0.0
4.246525701957757e-09,0.0015213131395288076,0.28569599999999995,0.0,0.9988041914828366,0.0
4.246525701957757e-09,0.0022160369345938236,0.166656,0.0,0.9739092683657167,0.0
4.246525701957757e-09,0.003228013725698186,0.07936,0.0,0.8086639499146395,0.0
4.246525701957757e-09,0.004702120461365765,0.037696,0.0,0.5362906845564235,0.0
4.246525701957757e-09,0.006849393686643143,0.013888000000000001,0.0,0.24399463883065753,0.0
6.185746743865652e-09,6.185746743865652e-09,0.9840639999999999,0.8028160000000001,1.0,0.9999999999999921
6.185746743865652e-09,9.010533660871069e-09,0.9840639999999999,0.8028160000000001,1.0,0.9999999999999921
6.185746743865652e-09,1.312528951079442e-08,0.9840639999999999,0.8010240000000001,1.0,0.9999999999999906
6.185746743865652e-09,1.9119092300856683e-08,0.9840639999999999,0.8001280000000001,1.0,0.9999999999999897
6.185746743865652e-09,2.7850028763788594e-08,0.9840639999999999,0.798336,1.0,0.9999999999999877
6.185746743865652e-09,4.056804004806745e-08,0.9840639999999999,0.793856,1.0,0.9999999999999808
6.185746743865652e-09,5.9093866196701257e-08,0.9840639999999999,0.791168,1.0,0.9999999999999751
6.185746743865652e-09,8.607970752188174e-08,0.9840639999999999,0.785792,1.0,0.9999999999999586
6.185746743865652e-09,1.2538891976349198e-07,0.9840639999999999,0.77056,1.0,0.9999999999998366
6.185746743865652e-09,1.8264910107250015e-07,0.9840639999999999,0.737408,1.0,0.9999999999975698
6.185746743865652e-09,2.660577520367602e-07,0.9840639999999999,0.642432,1.0,0.9999999988327257
6.185746743865652e-09,3.875558489102902e-07,0.9840639999999999,0.445312,1.0,0.9999923971677027
6.185746743865652e-09,5.645373415160749e-07,0.9840639999999999,0.274176,1.0,0.9983532544879508
6.185746743865652e-09,8.223393115138079e-07,0.9840639999999999,0.21504,1.0,0.9921122973448486
6.185746743865652e-09,1.1978692878755266e-06,0.9840639999999999,0.172928,1.0,0.9775680841974177
6.185746743865652e-09,1.7448890144799161e-06,0.9840639999999999,0.12454400000000002,1.0,0.9300663057128851
6.185746743865652e-09,2.541711106269776e-06,0.9840639999999999,0.07347200000000001,1.0,0.7826443330603896
6.185746743865652e-09,3.7024104651496657e-06,0.9840639999999999,0.041216,1.0,0.5690612376744324
6.185746743865652e-09,5.3931555079709445e-06,0.9840639999999999,0.011648,1.0,0.2088972237698924
6.185746743865652e-09,7.855997223144614e-06,0.9840639999999999,0.003584,1.0,0.06929113085961358
6.185746743865652e-09,1.1443521752495402e-05,0.9840639999999999,0.000896,1.0,0.017768281874640413
6.185746743865652e-09,1.6669327442483087e-05,0.98208,0.0,1.0,0.0
6.185746743865652e-09,2.4281552776716436e-05,0.97216,0.0,1.0,0.0
6.185746743865652e-09,3.536998161940474e-05,0.964224,0.0,1.0,0.0
6.185746743865652e-09,5.152205920523527e-05,0.9523199999999999,0.0,1.0,0.0
6.185746743865652e-09,7.505015448725706e-05,0.944384,0.0,1.0,0.0
6.185746743865652e-09,0.00010932260424848891,0.928512,0.0,1.0,0.0
6.185746743865652e-09,0.00015924593202137896,0.886848,0.0,1.0,0.0
6.185746743865652e-09,0.00023196727739595695,0.8451839999999999,0.0,0.9999999999999999,0.0
6.185746743865652e-09,0.0003378975971283771,0.769792,0.0,0.9999999999998253,0.0
6.185746743865652e-09,0.0004922021218977373,0.686464,0.0,0.9999999999157154,0.0
6.185746743865652e-09,0.0007169714459632347,0.52576,0.0,0.9999996688966009,0.0
6.185746743865652e-09,0.001044384067961034,0.420608,0.0,0.9999818260266411,0.0
6.185746743865652e-09,0.0015213131395288076,0.28569599999999995,0.0,0.9988041914828366,0.0
6.185746743865652e-09,0.0022160369345938236,0.166656,0.0,0.9739092683657167,0.0
6.185746743865652e-09,0.003228013725698186,0.07936,0.0,0.8086639499146395,0.0
6.185746743865652e-09,0.004702120461365765,0.037696,0.0,0.5362906845564235,0.0
6.185746743865652e-09,0.006849393686643143,0.013888000000000001,0.0,0.24399463883065753,0.0
9.010533660871069e-09,9.010533660871069e-09,0.9840639999999999,0.8028160000000001,1.0,0.9999999999999921
9.010533660871069e-09,1.312528951079442e-08,0.9840639999999999,0.8010240000000001,1.0,0.9999999999999906
9.010533660871069e-09,1.9119092300856683e-08,0.9840639999999999,0.8001280000000001,1.0,0.9999999999999897
9.010533660871069e-09,2.7850028763788594e-08,0.9840639999999999,0.798336,1.0,0.9999999999999877
9.010533660871069e-09,4.056804004806745e-08,0.9840639999999999,0.793856,1.0,0.9999999999999808
9.010533660871069e-09,5.9093866196701257e-08,0.9840639999999999,0.791168,1.0,0.9999999999999751
9.010533660871069e-09,8.607970752188174e-08,0.9840639999999999,0.785792,1.0,0.9999999999999586
9.010533660871069e-09,1.2538891976349198e-07,0.9840639999999999,0.77056,1.0,0.9999999999998366
9.010533660871069e-09,1.8264910107250015e-07,0.9840639999999999,0.737408,1.0,0.9999999999975698
9.010533660871069e-09,2.660577520367602e-07,0.9840639999999999,0.642432,1.0,0.9999999988327257
9.010533660871069e-09,3.875558489102902e-07,0.9840639999999999,0.445312,1.0,0.9999923971677027
9.010533660871069e-09,5.645373415160749e-07,0.9840639999999999,0.274176,1.0,0.9983532544879508
9.010533660871069e-09,8.223393115138079e-07,0.9840639999999999,0.21504,1.0,0.9921122973448486
9.010533660871069e-09,1.1978692878755266e-06,0.9840639999999999,0.172928,1.0,0.9775680841974177
9.010533660871069e-09,1.7448890144799161e-06,0.9840639999999999,0.12454400000000002,1.0,0.9300663057128851
9.010533660871069e-09,2.541711106269776e-06,0.9840639999999999,0.07347200000000001,1.0,0.7826443330603896
9.010533660871069e-09,3.7024104651496657e-06,0.9840639999999999,0.041216,1.0,0.5690612376744324
9.010533660871069e-09,5.3931555079709445e-06,0.9840639999999999,0.011648,1.0,0.2088972237698924
9.010533660871069e-09,7.855997223144614e-06,0.9840639999999999,0.003584,1.0,0.06929113085961358
9.010533660871069e-09,1.1443521752495402e-05,0.9840639999999999,0.000896,1.0,0.017768281874640413
9.010533660871069e-09,1.6669327442483087e-05,0.98208,0.0,1.0,0.0
9.010533660871069e-09,2.4281552776716436e-05,0.97216,0.0,1.0,0.0
9.010533660871069e-09,3.536998161940474e-05,0.964224,0.0,1.0,0.0
9.010533660871069e-09,5.152205920523527e-05,0.9523199999999999,0.0,1.0,0.0
9.010533660871069e-09,7.505015448725706e-05,0.944384,0.0,1.0,0.0
9.010533660871069e-09,0.00010932260424848891,0.928512,0.0,1.0,0.0
9.010533660871069e-09,0.00015924593202137896,0.886848,0.0,1.0,0.0
9.010533660871069e-09,0.00023196727739595695,0.8451839999999999,0.0,0.9999999999999999,0.0
9.010533660871069e-09,0.0003378975971283771,0.769792,0.0,0.9999999999998253,0.0
9.010533660871069e-09,0.0004922021218977373,0.686464,0.0,0.9999999999157154,0.0
9.010533660871069e-09,0.0007169714459632347,0.52576,0.0,0.9999996688966009,0.0
9.010533660871069e-09,0.001044384067961034,0.420608,0.0,0.9999818260266411,0.0
9.010533660871069e-09,0.0015213131395288076,0.28569599999999995,0.0,0.9988041914828366,0.0
9.010533660871069e-09,0.0022160369345938236,0.166656,0.0,0.9739092683657167,0.0
9.010533660871069e-09,0.003228013725698186,0.07936,0.0,0.8086639499146395,0.0
9.010533660871069e-09,0.004702120461365765,0.037696,0.0,0.5362906845564235,0.0
9.010533660871069e-09,0.006849393686643143,0.013888000000000001,0.0,0.24399463883065753,0.0
1.312528951079442e-08,1.312528951079442e-08,0.9840639999999999,0.7992360000000001,1.0,0.9999999999999887
1.312528951079442e-08,1.9119092300856683e-08,0.9840639999999999,0.798342,1.0,0.9999999999999877
1.312528951079442e-08,2.7850028763788594e-08,0.9840639999999999,0.796554,1.0,0.9999999999999852
1.312528951079442e-08,4.056804004806745e-08,0.9840639999999999,0.792084,1.0,0.9999999999999772
1.312528951079442e-08,5.9093866196701257e-08,0.9840639999999999,0.789402,1.0,0.9999999999999706
1.312528951079442e-08,8.607970752188174e-08,0.9840639999999999,0.784038,1.0,0.9999999999999513
1.312528951079442e-08,1.2538891976349198e-07,0.9840639999999999,0.76884,1.0,0.9999999999998103
1.312528951079442e-08,1.8264910107250015e-07,0.9840639999999999,0.735762,1.0,0.9999999999972464
1.312528951079442e-08,2.660577520367602e-07,0.9840639999999999,0.640998,1.0,0.9999999987354461
1.312528951079442e-08,3.875558489102902e-07,0.9840639999999999,0.444318,1.0,0.9999921199933957
1.312528951079442e-08,5.645373415160749e-07,0.9840639999999999,0.273564,1.0,0.9983252608698601
1.312528951079442e-08,8.223393115138079e-07,0.9840639999999999,0.21456,1.0,0.9920152688993921
1.312528951079442e-08,1.1978692878755266e-06,0.9840639999999999,0.172542,1.0,0.977357770766572
1.312528951079442e-08,1.7448890144799161e-06,0.9840639999999999,0.12426600000000002,1.0,0.9296208160812726
1.312528951079442e-08,2.541711106269776e-06,0.9840639999999999,0.073308,1.0,0.7818735774210842
1.312528951079442e-08,3.7024104651496657e-06,0.9840639999999999,0.041124,1.0,0.5682334698468503
1.312528951079442e-08,5.3931555079709445e-06,0.9840639999999999,0.011622,1.0,0.2084808981423819
1.312528951079442e-08,7.855997223144614e-06,0.9840639999999999,0.003576,1.0,0.06914167041564523
1.312528951079442e-08,1.1443521752495402e-05,0.9840639999999999,0.000894,1.0,0.01772895662331453
1.312528951079442e-08,1.6669327442483087e-05,0.98208,0.0,1.0,0.0
1.312528951079442e-08,2.4281552776716436e-05,0.97216,0.0,1.0,0.0
1.312528951079442e-08,3.536998161940474e-05,0.964224,0.0,1.0,0.0
1.312528951079442e-08,5.152205920523527e-05,0.9523199999999999,0.0,1.0,0.0
1.312528951079442e-08,7.505015448725706e-05,0.944384,0.0,1.0,0.0
1.312528951079442e-08,0.00010932260424848891,0.928512,0.0,1.0,0.0
1.312528951079442e-08,0.00015924593202137896,0.886848,0.0,1.0,0.0
1.312528951079442e-08,0.00023196727739595695,0.8451839999999999,0.0,0.9999999999999999,0.0
1.312528951079442e-08,0.0003378975971283771,0.769792,0.0,0.9999999999998253,0.0
1.312528951079442e-08,0.0004922021218977373,0.686464,0.0,0.9999999999157154,0.0
1.312528951079442e-08,0.0007169714459632347,0.52576,0.0,0.9999996688966009,0.0
1.312528951079442e-08,0.001044384067961034,0.420608,0.0,0.9999818260266411,0.0
1.312528951079442e-08,0.0015213131395288076,0.28569599999999995,0.0,0.9988041914828366,0.0
1.312528951079442e-08,0.0022160369345938236,0.166656,0.0,0.9739092683657167,0.0
1.312528951079442e-08,0.003228013725698186,0.07936,0.0,0.8086639499146395,0.0
1.312528951079442e-08,0.004702120461365765,0.037696,0.0,0.5362906845564235,0.0
1.312528951079442e-08,0.006849393686643143,0.013888000000000001,0.0,0.24399463883065753,0.0
1.9119092300856683e-08,1.9119092300856683e-08,0.9840639999999999,0.7974490000000001,1.0,0.9999999999999865
1.9119092300856683e-08,2.7850028763788594e-08,0.9840639999999999,0.795663,1.0,0.9999999999999839
1.9119092300856683e-08,4.056804004806745e-08,0.9840639999999999,0.7911980000000001,1.0,0.9999999999999751
1.9119092300856683e-08,5.9093866196701257e-08,0.9840639999999999,0.788519,1.0,0.999999999999968
1.9119092300856683e-08,8.607970752188174e-08,0.9840639999999999,0.783161,1.0,0.9999999999999472
1.9119092300856683e-08,1.2538891976349198e-07,0.9840639999999999,0.76798,1.0,0.9999999999997956
1.9119092300856683e-08,1.8264910107250015e-07,0.9840639999999999,0.734939,1.0,0.9999999999970697
1.9119092300856683e-08,2.660577520367602e-07,0.9840639999999999,0.640281,1.0,0.9999999986839647
1.9119092300856683e-08,3.875558489102902e-07,0.9840639999999999,0.443821,1.0,0.999991977832269
1.9119092300856683e-08,5.645373415160749e-07,0.9840639999999999,0.273258,1.0,0.9983110951034886
1.9119092300856683e-08,8.223393115138079e-07,0.9840639999999999,0.21431999999999998,1.0,0.9919663305088067
1.9119092300856683e-08,1.1978692878755266e-06,0.9840639999999999,0.172349,1.0,0.9772519129021158
1.9119092300856683e-08,1.7448890144799161e-06,0.9840639999999999,0.12412700000000002,1.0,0.9293970615679162
1.9119092300856683e-08,2.541711106269776e-06,0.9840639999999999,0.073226,1.0,0.781487226608618
1.9119092300856683e-08,3.7024104651496657e-06,0.9840639999999999,0.041078,1.0,0.5678190197072666
1.9119092300856683e-08,5.3931555079709445e-06,0.9840639999999999,0.011609,1.0,0.20827265728408106
1.9119092300856683e-08,7.855997223144614e-06,0.9840639999999999,0.003572,1.0,0.06906693164339539
1.9119092300856683e-08,1.1443521752495402e-05,0.9840639999999999,0.000893,1.0,0.0177092934367602
1.9119092300856683e-08,1.6669327442483087e-05,0.98208,0.0,1.0,0.0
1.9119092300856683e-08,2.4281552776716436e-05,0.97216,0.0,1.0,0.0
1.9119092300856683e-08,3.536998161940474e-05,0.964224,0.0,1.0,0.0
1.9119092300856683e-08,5.152205920523527e-05,0.9523199999999999,0.0,1.0,0.0
1.9119092300856683e-08,7.505015448725706e-05,0.944384,0.0,1.0,0.0
1.9119092300856683e-08,0.00010932260424848891,0.928512,0.0,1.0,0.0
1.9119092300856683e-08,0.00015924593202137896,0.886848,0.0,1.0,0.0
1.9119092300856683e-08,0.00023196727739595695,0.8451839999999999,0.0,0.9999999999999999,0.0
1.9119092300856683e-08,0.0003378975971283771,0.769792,0.0,0.9999999999998253,0.0
1.9119092300856683e-08,0.0004922021218977373,0.686464,0.0,0.9999999999157154,0.0
1.9119092300856683e-08,0.0007169714459632347,0.52576,0.0,0.9999996688966009,0.0
1.9119092300856683e-08,0.001044384067961034,0.420608,0.0,0.9999818260266411,0.0
1.9119092300856683e-08,0.0015213131395288076,0.28569599999999995,0.0,0.9988041914828366,0.0
1.9119092300856683e-08,0.0022160369345938236,0.166656,0.0,0.9739092683657167,0.0
1.9119092300856683e-08,0.003228013725698186,0.07936,0.0,0.8086639499146395,0.0
1.9119092300856683e-08,0.004702120461365765,0.037696,0.0,0.5362906845564235,0.0
1.9119092300856683e-08,0.006849393686643143,0.013888000000000001,0.0,0.24399463883065753,0.0
2.7850028763788594e-08,2.7850028763788594e-08,0.9840639999999999,0.7938810000000001,1.0,0.9999999999999808
2.7850028763788594e-08,4.056804004806745e-08,0.9840639999999999,0.7894260000000001,1.0,0.9999999999999706
2.7850028763788594e-08,5.9093866196701257e-08,0.9840639999999999,0.786753,1.0,0.9999999999999621
2.7850028763788594e-08,8.607970752188174e-08,0.9840639999999999,0.781407,1.0,0.9999999999999379
2.7850028763788594e-08,1.2538891976349198e-07,0.9840639999999999,0.76626,1.0,0.9999999999997631
2.7850028763788594e-08,1.8264910107250015e-07,0.9840639999999999,0.733293,1.0,0.9999999999966834
2.7850028763788594e-08,2.660577520367602e-07,0.9840639999999999,0.6388469999999999,1.0,0.9999999985749682
2.7850028763788594e-08,3.875558489102902e-07,0.9840639999999999,0.442827,1.0,0.9999916861677686
2.7850028763788594e-08,5.645373415160749e-07,0.9840639999999999,0.272646,1.0,0.9982824213596699
2.7850028763788594e-08,8.223393115138079e-07,0.9840639999999999,0.21384,1.0,0.9918675975808148
2.7850028763788594e-08,1.1978692878755266e-06,0.9840639999999999,0.171963,1.0,0.9770387850295315
2.7850028763788594e-08,1.7448890144799161e-06,0.9840639999999999,0.12384900000000001,1.0,0.9289475235081468
2.7850028763788594e-08,2.541711106269776e-06,0.9840639999999999,0.073062,1.0,0.7807125738256053
2.7850028763788594e-08,3.7024104651496657e-06,0.9840639999999999,0.040986,1.0,0.5669889853455763
2.7850028763788594e-08,5.3931555079709445e-06,0.9840639999999999,0.011583,1.0,0.20785601941678922
2.7850028763788594e-08,7.855997223144614e-06,0.9840639999999999,0.0035640000000000003,1.0,0.06891743699630493
2.7850028763788594e-08,1.1443521752495402e-05,0.9840639999999999,0.0008910000000000001,1.0,0.01766996594182646
2.7850028763788594e-08,1.6669327442483087e-05,0.98208,0.0,1.0,0.0
2.7850028763788594e-08,2.4281552776716436e-05,0.97216,0.0,1.0,0.0
2.7850028763788594e-08,3.536998161940474e-05,0.964224,0.0,1.0,0.0
2.7850028763788594e-08,5.152205920523527e-05,0.9523199999999999,0.0,1.0,0.0
2.7850028763788594e-08,7.505015448725706e-05,0.944384,0.0,1.0,0.0
2.7850028763788594e-08,0.00010932260424848891,0.928512,0.0,1.0,0.0
2.7850028763788594e-08,0.00015924593202137896,0.886848,0.0,1.0,0.0
2.7850028763788594e-08,0.00023196727739595695,0.8451839999999999,0.0,0.9999999999999999,0.0
2.7850028763788594e-08,0.0003378975971283771,0.769792,0.0,0.9999999999998253,0.0
2.7850028763788594e-08,0.0004922021218977373,0.686464,0.0,0.9999999999157154,0.0
2.7850028763788594e-08,0.0007169714459632347,0.52576,0.0,0.9999996688966009,0.0
2.7850028763788594e-08,0.001044384067961034,0.420608,0.0,0.9999818260266411,0.0
2.7850028763788594e-08,0.0015213131395288076,0.28569599999999995,0.0,0.9988041914828366,0.0
2.7850028763788594e-08,0.0022160369345938236,0.166656,0.0,0.9739092683657167,0.0
2.7850028763788594e-08,0.003228013725698186,0.07936,0.0,0.8086639499146395,0.0
2.7850028763788594e-08,0.004702120461365765,0.037696,0.0,0.5362906845564235,0.0
2.7850028763788594e-08,0.006849393686643143,0.013888000000000001,0.0,0.24399463883065753,0.0
4.056804004806745e-08,4.056804004806745e-08,0.9840639999999999,0.784996,1.0,0.9999999999999555
4.056804004806745e-08,5.9093866196701257e-08,0.9840639999999999,0.782338,1.0,0.999999999999943
4.056804004806745e-08,8.607970752188174e-08,0.9840639999999999,0.777022,1.0,0.9999999999999077
4.056804004806745e-08,1.2538891976349198e-07,0.9840639999999999,0.76196,1.0,0.9999999999996588
4.056804004806745e-08,1.8264910107250015e-07,0.9840639999999999,0.729178,1.0,0.9999999999954952
4.056804004806745e-08,2.660577520367602e-07,0.9840639999999999,0.635262,1.0,0.9999999982637181
4.056804004806745e-08,3.875558489102902e-07,0.9840639999999999,0.440342,1.0,0.9999909122928654
4.056804004806745e-08,5.645373415160749e-07,0.9840639999999999,0.271116,1.0,0.9982086999438473
4.056804004806745e-08,8.223393115138079e-07,0.9840639999999999,0.21264,1.0,0.9916156972138003
4.056804004806745e-08,1.1978692878755266e-06,0.9840639999999999,0.170998,1.0,0.9764976350350771
4.056804004806745e-08,1.7448890144799161e-06,0.9840639999999999,0.12315400000000001,1.0,0.9278117517692148
4.056804004806745e-08,2.541711106269776e-06,0.9840639999999999,0.07265200000000001,1.0,0.7787645116544382
4.056804004806745e-08,3.7024104651496657e-06,0.9840639999999999,0.040756,1.0,0.5649072687067639
4.056804004806745e-08,5.3931555079709445e-06,0.9840639999999999,0.011518,1.0,0.20681351329424724
4.056804004806745e-08,7.855997223144614e-06,0.9840639999999999,0.0035440000000000003,1.0,0.06854360059423947
4.056804004806745e-08,1.1443521752495402e-05,0.9840639999999999,0.0008860000000000001,1.0,0.017571640660227206
4.056804004806745e-08,1.6669327442483087e-05,0.98208,0.0,1.0,0.0
4.056804004806745e-08,2.4281552776716436e-05,0.97216,0.0,1.0,0.0
4.056804004806745e-08,3.536998161940474e-05,0.964224,0.0,1.0,0.0
4.056804004806745e-08,5.152205920523527e-05,0.9523199999999999,0.0,1.0,0.0
4.056804004806745e-08,7.505015448725706e-05,0.944384,0.0,1.0,0.0
4.056804004806745e-08,0.00010932260424848891,0.928512,0.0,1.0,0.0
4.056804004806745e-08,0.00015924593202137896,0.886848,0.0,1.0,0.0
4.056804004806745e-08,0.00023196727739595695,0.8451839999999999,0.0,0.9999999999999999,0.0
4.056804004806745e-08,0.0003378975971283771,0.769792,0.0,0.9999999999998253,0.0
4.056804004806745e-08,0.0004922021218977373,0.686464,0.0,0.9999999999157154,0.0
4.056804004806745e-08,0.0007169714459632347,0.52576,0.0,0.9999996688966009,0.0
4.056804004806745e-08,0.001044384067961034,0.420608,0.0,0.9999818260266411,0.0
4.056804004806745e-08,0.0015213131395288076,0.28569599999999995,0.0,0.9988041914828366,0.0
4.056804004806745e-08,0.0022160369345938236,0.166656,0.0,0.9739092683657167,0.0
4.056804004806745e-08,0.003228013725698186,0.07936,0.0,0.8086639499146395,0.0
4.056804004806745e-08,0.004702120461365765,0.037696,0.0,0.5362906845564235,0.0
4.056804004806745e-08,0.006849393686643143,0.013888000000000001,0.0,0.24399463883065753,0.0
5.9093866196701257e-08,5.9093866196701257e-08,0.9840639999999999,0.779689,1.0,0.9999999999999274
5.9093866196701257e-08,8.607970752188174e-08,0.9840639999999999,0.774391,1.0,0.9999999999998833
5.9093866196701257e-08,1.2538891976349198e-07,0.9840639999999999,0.7593799999999999,1.0,0.9999999999995767
5.9093866196701257e-08,1.8264910107250015e-07,0.9840639999999999,0.7267089999999999,1.0,0.9999999999945985
5.9093866196701257e-08,2.660577520367602e-07,0.9840639999999999,0.633111,1.0,0.9999999980470379
5.9093866196701257e-08,3.875558489102902e-07,0.9840639999999999,0.438851,1.0,0.9999904156234846
5.9093866196701257e-08,5.645373415160749e-07,0.9840639999999999,0.270198,1.0,0.9981630345672108
5.9093866196701257e-08,8.223393115138079e-07,0.9840639999999999,0.21192,1.0,0.9914610175445324
5.9093866196701257e-08,1.1978692878755266e-06,0.9840639999999999,0.17041900000000001,1.0,0.976167152401847
5.9093866196701257e-08,1.7448890144799161e-06,0.9840639999999999,0.12273700000000001,1.0,0.9271220322892475
5.9093866196701257e-08,2.541711106269776e-06,0.9840639999999999,0.072406,1.0,0.7775877947832188
5.9093866196701257e-08,3.7024104651496657e-06,0.9840639999999999,0.040618,1.0,0.5636536788305271
5.9093866196701257e-08,5.3931555079709445e-06,0.9840639999999999,0.011479,1.0,0.20618738413008209
5.9093866196701257e-08,7.855997223144614e-06,0.9840639999999999,0.003532,1.0,0.06831923031297105
5.9093866196701257e-08,1.1443521752495402e-05,0.9840639999999999,0.000883,1.0,0.0175126410034967
5.9093866196701257e-08,1.6669327442483087e-05,0.98208,0.0,1.0,0.0
5.9093866196701257e-08,2.4281552776716436e-05,0.97216,0.0,1.0,0.0
5.9093866196701257e-08,3.536998161940474e-05,0.964224,0.0,1.0,0.0
5.9093866196701257e-08,5.152205920523527e-05,0.9523199999999999,0.0,1.0,0.0
5.9093866196701257e-08,7.505015448725706e-05,0.944384,0.0,1.0,0.0
5.9093866196701257e-08,0.00010932260424848891,0.928512,0.0,1.0,0.0
5.9093866196701257e-08,0.00015924593202137896,0.886848,0.0,1.0,0.0
5.9093866196701257e-08,0.00023196727739595695,0.8451839999999999,0.0,0.9999999999999999,0.0
5.9093866196701257e-08,0.0003378975971283771,0.769792,0.0,0.9999999999998253,0.0
5.9093866196701257e-08,0.0004922021218977373,0.686464,0.0,0.9999999999157154,0.0
5.9093866196701257e-08,0.0007169714459632347,0.52576,0.0,0.9999996688966009,0.0
5.9093866196701257e-08,0.001044384067961034,0.420608,0.0,0.9999818260266411,0.0
5.9093866196701257e-08,0.0015213131395288076,0.28569599999999995,0.0,0.9988041914828366,0.0
5.9093866196701257e-08,0.0022160369345938236,0.166656,0.0,0.9739092683657167,0.0
5.9093866196701257e-08,0.003228013725698186,0.07936,0.0,0.8086639499146395,0.0
5.9093866196701257e-08,0.004702120461365765,0.037696,0.0,0.5362906845564235,0.0
5.9093866196701257e-08,0.006849393686643143,0.013888000000000001,0.0,0.24399463883065753,0.0
8.607970752188174e-08,8.607970752188174e-08,0.9840639999999999,0.769129,1.0,0.9999999999998149
8.607970752188174e-08,1.2538891976349198e-07,0.9840639999999999,0.75422,1.0,0.999999999999353
8.607970752188174e-08,1.8264910107250015e-07,0.9840639999999999,0.7217709999999999,1.0,0.9999999999922723
8.607970752188174e-08,2.660577520367602e-07,0.9840639999999999,0.628809,1.0,0.9999999975342516
8.607970752188174e-08,3.875558489102902e-07,0.9840639999999999,0.435869,1.0,0.999989343874843
8.607970752188174e-08,5.645373415160749e-07,0.9840639999999999,0.268362,1.0,0.9980683649475057
8.607970752188174e-08,8.223393115138079e-07,0.9840639999999999,0.21048,1.0,0.9911434879205767
8.607970752188174e-08,1.1978692878755266e-06,0.9840639999999999,0.169261,1.0,0.9754928963276366
8.607970752188174e-08,1.7448890144799161e-06,0.9840639999999999,0.12190300000000001,1.0,0.9257237673333436
8.607970752188174e-08,2.541711106269776e-06,0.9840639999999999,0.071914,1.0,0.7752164998395955
8.607970752188174e-08,3.7024104651496657e-06,0.9840639999999999,0.040342,1.0,0.56113619790799
8.607970752188174e-08,5.3931555079709445e-06,0.9840639999999999,0.011401,1.0,0.20493371689222095
8.607970752188174e-08,7.855997223144614e-06,0.9840639999999999,0.0035080000000000003,1.0,0.06787033570843537
8.607970752188174e-08,1.1443521752495402e-05,0.9840639999999999,0.0008770000000000001,1.0,0.017394631591712395
8.607970752188174e-08,1.6669327442483087e-05,0.98208,0.0,1.0,0.0
8.607970752188174e-08,2.4281552776716436e-05,0.97216,0.0,1.0,0.0
8.607970752188174e-08,3.536998161940474e-05,0.964224,0.0,1.0,0.0
8.607970752188174e-08,5.152205920523527e-05,0.9523199999999999,0.0,1.0,0.0
8.607970752188174e-08,7.505015448725706e-05,0.944384,0.0,1.0,0.0
8.607970752188174e-08,0.00010932260424848891,0.928512,0.0,1.0,0.0
8.607970752188174e-08,0.00015924593202137896,0.886848,0.0,1.0,0.0
8.607970752188174e-08,0.00023196727739595695,0.8451839999999999,0.0,0.9999999999999999,0.0
8.607970752188174e-08,0.0003378975971283771,0.769792,0.0,0.9999999999998253,0.0
8.607970752188174e-08,0.0004922021218977373,0.686464,0.0,0.9999999999157154,0.0
8.607970752188174e-08,0.0007169714459632347,0.52576,0.0,0.9999996688966009,0.0
8.607970752188174e-08,0.001044384067961034,0.420608,0.0,0.9999818260266411,0.0
8.607970752188174e-08,0.0015213131395288076,0.28569599999999995,0.0,0.9988041914828366,0.0
8.607970752188174e-08,0.0022160369345938236,0.166656,0.0,0.9739092683657167,0.0
8.607970752188174e-08,0.003228013725698186,0.07936,0.0,0.8086639499146395,0.0
8.607970752188174e-08,0.004702120461365765,0.037696,0.0,0.5362906845564235,0.0
8.607970752188174e-08,0.006849393686643143,0.013888000000000001,0.0,0.24399463883065753,0.0
1.2538891976349198e-07,1.2538891976349198e-07,0.9840639999999999,0.7395999999999999,1.0,0.999999999997945
1.2538891976349198e-07,1.8264910107250015e-07,0.9840639999999999,0.70778,1.0,0.9999999999793843
1.2538891976349198e-07,2.660577520367602e-07,0.9840639999999999,0.61662,1.0,0.9999999952946811
1.2538891976349198e-07,3.875558489102902e-07,0.9840639999999999,0.42741999999999997,1.0,0.9999856542425348
1.2538891976349198e-07,5.645373415160749e-07,0.9840639999999999,0.26316,1.0,0.9977743140838773
1.2538891976349198e-07,8.223393115138079e-07,0.9840639999999999,0.2064,1.0,0.9901817704218752
1.2538891976349198e-07,1.1978692878755266e-06,0.9840639999999999,0.16598,1.0,0.9734826998172784
1.2538891976349198e-07,1.7448890144799161e-06,0.9840639999999999,0.11954000000000001,1.0,0.9216222831776092
1.2538891976349198e-07,2.541711106269776e-06,0.9840639999999999,0.07052,1.0,0.7683667043312941
1.2538891976349198e-07,3.7024104651496657e-06,0.9840639999999999,0.03956,1.0,0.55392818680488
1.2538891976349198e-07,5.3931555079709445e-06,0.9840639999999999,0.011179999999999999,1.0,0.20137143721517503
1.2538891976349198e-07,7.855997223144614e-06,0.9840639999999999,0.00344,1.0,0.0665973515853534
1.2538891976349198e-07,1.1443521752495402e-05,0.9840639999999999,0.00086,1.0,0.017060198460862708
1.2538891976349198e-07,1.6669327442483087e-05,0.98208,0.0,1.0,0.0
1.2538891976349198e-07,2.4281552776716436e-05,0.97216,0.0,1.0,0.0
1.2538891976349198e-07,3.536998161940474e-05,0.964224,0.0,1.0,0.0
1.2538891976349198e-07,5.152205920523527e-05,0.9523199999999999,0.0,1.0,0.0
1.2538891976349198e-07,7.505015448725706e-05,0.944384,0.0,1.0,0.0
1.2538891976349198e-07,0.00010932260424848891,0.928512,0.0,1.0,0.0
1.2538891976349198e-07,0.00015924593202137896,0.886848,0.0,1.0,0.0
1.2538891976349198e-07,0.00023196727739595695,0.8451839999999999,0.0,0.9999999999999999,0.0
1.2538891976349198e-07,0.0003378975971283771,0.769792,0.0,0.9999999999998253,0.0
1.2538891976349198e-07,0.0004922021218977373,0.686464,0.0,0.9999999999157154,0.0
1.2538891976349198e-07,0.0007169714459632347,0.52576,0.0,0.9999996688966009,0.0
1.2538891976349198e-07,0.001044384067961034,0.420608,0.0,0.9999818260266411,0.0
1.2538891976349198e-07,0.0015213131395288076,0.28569599999999995,0.0,0.9988041914828366,0.0
1.2538891976349198e-07,0.0022160369345938236,0.166656,0.0,0.9739092683657167,0.0
1.2538891976349198e-07,0.003228013725698186,0.07936,0.0,0.8086639499146395,0.0
1.2538891976349198e-07,0.004702120461365765,0.037696,0.0,0.5362906845564235,0.0
1.2538891976349198e-07,0.006849393686643143,0.013888000000000001,0.0,0.24399463883065753,0.0
1.8264910107250015e-07,1.8264910107250015e-07,0.9840639999999999,0.677329,1.0,0.999999999850308
1.8264910107250015e-07,2.660577520367602e-07,0.9840639999999999,0.5900909999999999,1.0,0.9999999820630302
1.8264910107250015e-07,3.875558489102902e-07,0.9840639999999999,0.409031,1.0,0.9999730043368358
1.8264910107250015e-07,5.645373415160749e-07,0.9840639999999999,0.251838,1.0,0.9969806537312879
1.8264910107250015e-07,8.223393115138079e-07,0.9840639999999999,0.19751999999999997,1.0,0.9877345256648452
1.8264910107250015e-07,1.1978692878755266e-06,0.9840639999999999,0.158839,1.0,0.9685527572742857
1.8264910107250015e-07,1.7448890144799161e-06,0.9840639999999999,0.114397,1.0,0.9119394119806375
1.8264910107250015e-07,2.541711106269776e-06,0.9840639999999999,0.067486,1.0,0.7527665590047055
1.8264910107250015e-07,3.7024104651496657e-06,0.9840639999999999,0.037857999999999996,1.0,0.5378494620424101
1.8264910107250015e-07,5.3931555079709445e-06,0.9840639999999999,0.010698999999999998,1.0,0.19356575556934452
1.8264910107250015e-07,7.855997223144614e-06,0.9840639999999999,0.003292,1.0,0.06382102770939013
1.8264910107250015e-07,1.1443521752495402e-05,0.9840639999999999,0.000823,1.0,0.016331940756693752
1.8264910107250015e-07,1.6669327442483087e-05,0.98208,0.0,1.0,0.0
1.8264910107250015e-07,2.4281552776716436e-05,0.97216,0.0,1.0,0.0
1.8264910107250015e-07,3.536998161940474e-05,0.964224,0.0,1.0,0.0
1.8264910107250015e-07,5.152205920523527e-05,0.9523199999999999,0.0,1.0,0.0
1.8264910107250015e-07,7.505015448725706e-05,0.944384,0.0,1.0,0.0
1.8264910107250015e-07,0.00010932260424848891,0.928512,0.0,1.0,0.0
1.8264910107250015e-07,0.00015924593202137896,0.886848,0.0,1.0,0.0
1.8264910107250015e-07,0.00023196727739595695,0.8451839999999999,0.0,0.9999999999999999,0.0
1.8264910107250015e-07,0.0003378975971283771,0.769792,0.0,0.9999999999998253,0.0
1.8264910107250015e-07,0.0004922021218977373,0.686464,0.0,0.9999999999157154,0.0
1.8264910107250015e-07,0.0007169714459632347,0.52576,0.0,0.9999996688966009,0.0
1.8264910107250015e-07,0.001044384067961034,0.420608,0.0,0.9999818260266411,0.0
1.8264910107250015e-07,0.0015213131395288076,0.28569599999999995,0.0,0.9988041914828366,0.0
1.8264910107250015e-07,0.0022160369345938236,0.166656,0.0,0.9739092683657167,0.0
1.8264910107250015e-07,0.003228013725698186,0.07936,0.0,0.8086639499146395,0.0
1.8264910107250015e-07,0.004702120461365765,0.037696,0.0,0.5362906845564235,0.0
1.8264910107250015e-07,0.006849393686643143,0.013888000000000001,0.0,0.24399463883065753,0.0
2.660577520367602e-07,2.660577520367602e-07,0.9840639999999999,0.5140889999999999,1.0,0.9999994615633497
2.660577520367602e-07,3.875558489102902e-07,0.9840639999999999,0.35634899999999997,1.0,0.9998510608172441
2.660577520367602e-07,5.645373415160749e-07,0.9840639999999999,0.21940199999999999,1.0,0.992944160643071
2.660577520367602e-07,8.223393115138079e-07,0.9840639999999999,0.17207999999999998,1.0,0.9771035854933912
2.660577520367602e-07,1.1978692878755266e-06,0.9840639999999999,0.138381,1.0,0.9491483153750924
2.660577520367602e-07,1.7448890144799161e-06,0.9840639999999999,0.099663,1.0,0.8775096253051641
2.660577520367602e-07,2.541711106269776e-06,0.9840639999999999,0.058794,1.0,0.702358324198541
2.660577520367602e-07,3.7024104651496657e-06,0.9840639999999999,0.032982,1.0,0.48868190565570846
2.660577520367602e-07,5.3931555079709445e-06,0.9840639999999999,0.009321,1.0,0.1708002892270548
2.660577520367602e-07,7.855997223144614e-06,0.9840639999999999,0.002868,1.0,0.05582373781418404
2.660577520367602e-07,1.1443521752495402e-05,0.9840639999999999,0.000717,1.0,0.014242742018525933
2.660577520367602e-07,1.6669327442483087e-05,0.98208,0.0,1.0,0.0
2.660577520367602e-07,2.4281552776716436e-05,0.97216,0.0,1.0,0.0
2.660577520367602e-07,3.536998161940474e-05,0.964224,0.0,1.0,0.0
2.660577520367602e-07,5.152205920523527e-05,0.9523199999999999,0.0,1.0,0.0
2.660577520367602e-07,7.505015448725706e-05,0.944384,0.0,1.0,0.0
2.660577520367602e-07,0.00010932260424848891,0.928512,0.0,1.0,0.0
2.660577520367602e-07,0.00015924593202137896,0.886848,0.0,1.0,0.0
2.660577520367602e-07,0.00023196727739595695,0.8451839999999999,0.0,0.9999999999999999,0.0
2.660577520367602e-07,0.0003378975971283771,0.769792,0.0,0.9999999999998253,0.0
2.660577520367602e-07,0.0004922021218977373,0.686464,0.0,0.9999999999157154,0.0
2.660577520367602e-07,0.0007169714459632347,0.52576,0.0,0.9999996688966009,0.0
2.660577520367602e-07,0.001044384067961034,0.420608,0.0,0.9999818260266411,0.0
2.660577520367602e-07,0.0015213131395288076,0.28569599999999995,0.0,0.9988041914828366,0.0
2.660577520367602e-07,0.0022160369345938236,0.166656,0.0,0.9739092683657167,0.0
2.660577520367602e-07,0.003228013725698186,0.07936,0.0,0.8086639499146395,0.0
2.660577520367602e-07,0.004702120461365765,0.037696,0.0,0.5362906845564235,0.0
2.660577520367602e-07,0.006849393686643143,0.013888000000000001,0.0,0.24399463883065753,0.0
3.875558489102902e-07,3.875558489102902e-07,0.9840639999999999,0.247009,1.0,0.9965660362367205
3.875558489102902e-07,5.645373415160749e-07,0.9840639999999999,0.152082,1.0,0.9630956895199353
3.875558489102902e-07,8.223393115138079e-07,0.9840639999999999,0.11928,1.0,0.9211580831951383
3.875558489102902e-07,1.1978692878755266e-06,0.9840639999999999,0.095921,1.0,0.8669154529408735
3.875558489102902e-07,1.7448890144799161e-06,0.9840639999999999,0.069083,1.0,0.7610983080890711
3.875558489102902e-07,2.541711106269776e-06,0.9840639999999999,0.040754,1.0,0.564889125195857
3.875558489102902e-07,3.7024104651496657e-06,0.9840639999999999,0.022862,1.0,0.37032266903212385
3.875558489102902e-07,5.3931555079709445e-06,0.9840639999999999,0.006461,1.0,0.12158774080339763
3.875558489102902e-07,7.855997223144614e-06,0.9840639999999999,0.001988,1.0,0.03901797426583098
3.875558489102902e-07,1.1443521752495402e-05,0.9840639999999999,0.000497,1.0,0.009893207945217974
3.875558489102902e-07,1.6669327442483087e-05,0.98208,0.0,1.0,0.0
3.875558489102902e-07,2.4281552776716436e-05,0.97216,0.0,1.0,0.0
3.875558489102902e-07,3.536998161940474e-05,0.964224,0.0,1.0,0.0
3.875558489102902e-07,5.152205920523527e-05,0.9523199999999999,0.0,1.0,0.0
3.875558489102902e-07,7.505015448725706e-05,0.944384,0.0,1.0,0.0
3.875558489102902e-07,0.00010932260424848891,0.928512,0.0,1.0,0.0
3.875558489102902e-07,0.00015924593202137896,0.886848,0.0,1.0,0.0
3.875558489102902e-07,0.00023196727739595695,0.8451839999999999,0.0,0.9999999999999999,0.0
3.875558489102902e-07,0.0003378975971283771,0.769792,0.0,0.9999999999998253,0.0
3.875558489102902e-07,0.0004922021218977373,0.686464,0.0,0.9999999999157154,0.0
3.875558489102902e-07,0.0007169714459632347,0.52576,0.0,0.9999996688966009,0.0
3.875558489102902e-07,0.001044384067961034,0.420608,0.0,0.9999818260266411,0.0
3.875558489102902e-07,0.0015213131395288076,0.28569599999999995,0.0,0.9988041914828366,0.0
3.875558489102902e-07,0.0022160369345938236,0.166656,0.0,0.9739092683657167,0.0
3.875558489102902e-07,0.003228013725698186,0.07936,0.0,0.8086639499146395,0.0
3.875558489102902e-07,0.004702120461365765,0.037696,0.0,0.5362906845564235,0.0
3.875558489102902e-07,0.006849393686643143,0.013888000000000001,0.0,0.24399463883065753,0.0
5.645373415160749e-07,5.645373415160749e-07,0.9840639999999999,0.093636,1.0,0.8600242033544722
5.645373415160749e-07,8.223393115138079e-07,0.9840639999999999,0.07343999999999999,1.0,0.7824941451778444
5.645373415160749e-07,1.1978692878755266e-06,0.9840639999999999,0.059058,1.0,0.7040235998514376
5.645373415160749e-07,1.7448890144799161e-06,0.9840639999999999,0.042534,1.0,0.5807556496260211
5.645373415160749e-07,2.541711106269776e-06,0.9840639999999999,0.025092,1.0,0.39844868062623806
5.645373415160749e-07,3.7024104651496657e-06,0.9840639999999999,0.014076,1.0,0.24687203784205536
5.645373415160749e-07,5.3931555079709445e-06,0.9840639999999999,0.003978,1.0,0.07662391284362846
5.645373415160749e-07,7.855997223144614e-06,0.9840639999999999,0.001224,1.0,0.02419742622257337
5.645373415160749e-07,1.1443521752495402e-05,0.9840639999999999,0.000306,1.0,0.006102241781544837
5.645373415160749e-07,1.6669327442483087e-05,0.98208,0.0,1.0,0.0
5.645373415160749e-07,2.4281552776716436e-05,0.97216,0.0,1.0,0.0
5.645373415160749e-07,3.536998161940474e-05,0.964224,0.0,1.0,0.0
5.645373415160749e-07,5.152205920523527e-05,0.9523199999999999,0.0,1.0,0.0
5.645373415160749e-07,7.505015448725706e-05,0.944384,0.0,1.0,0.0
5.645373415160749e-07,0.00010932260424848891,0.928512,0.0,1.0,0.0
5.645373415160749e-07,0.00015924593202137896,0.886848,0.0,1.0,0.0
5.645373415160749e-07,0.00023196727739595695,0.8451839999999999,0.0,0.9999999999999999,0.0
5.645373415160749e-07,0.0003378975971283771,0.769792,0.0,0.9999999999998253,0.0
5.645373415160749e-07,0.0004922021218977373,0.686464,0.0,0.9999999999157154,0.0
5.645373415160749e-07,0.0007169714459632347,0.52576,0.0,0.9999996688966009,0.0
5.645373415160749e-07,0.001044384067961034,0.420608,0.0,0.9999818260266411,0.0
5.645373415160749e-07,0.0015213131395288076,0.28569599999999995,0.0,0.9988041914828366,0.0
5.645373415160749e-07,0.0022160369345938236,0.166656,0.0,0.9739092683657167,0.0
5.645373415160749e-07,0.003228013725698186,0.07936,0.0,0.8086639499146395,0.0
5.645373415160749e-07,0.004702120461365765,0.037696,0.0,0.5362906845564235,0.0
5.645373415160749e-07,0.006849393686643143,0.013888000000000001,0.0,0.24399463883065753,0.0
8.223393115138079e-07,8.223393115138079e-07,0.9840639999999999,0.0576,1.0,0.6947149417658622
8.223393115138079e-07,1.1978692878755266e-06,0.9840639999999999,0.04632,1.0,0.6126946470844369
8.223393115138079e-07,1.7448890144799161e-06,0.9840639999999999,0.03336,1.0,0.49266450340949963
8.223393115138079e-07,2.541711106269776e-06,0.9840639999999999,0.01968,1.0,0.3280185883628801
8.223393115138079e-07,3.7024104651496657e-06,0.9840639999999999,0.01104,1.0,0.19910694999662082
8.223393115138079e-07,5.3931555079709445e-06,0.9840639999999999,0.00312,1.0,0.06058463275695247
8.223393115138079e-07,7.855997223144614e-06,0.9840639999999999,0.00096,1.0,0.019025900496566384
8.223393115138079e-07,1.1443521752495402e-05,0.9840639999999999,0.00024,1.0,0.004789071743298123
8.223393115138079e-07,1.6669327442483087e-05,0.98208,0.0,1.0,0.0
8.223393115138079e-07,2.4281552776716436e-05,0.97216,0.0,1.0,0.0
8.223393115138079e-07,3.536998161940474e-05,0.964224,0.0,1.0,0.0
8.223393115138079e-07,5.152205920523527e-05,0.9523199999999999,0.0,1.0,0.0
8.223393115138079e-07,7.505015448725706e-05,0.944384,0.0,1.0,0.0
8.223393115138079e-07,0.00010932260424848891,0.928512,0.0,1.0,0.0
8.223393115138079e-07,0.00015924593202137896,0.886848,0.0,1.0,0.0
8.223393115138079e-07,0.00023196727739595695,0.8451839999999999,0.0,0.9999999999999999,0.0
8.223393115138079e-07,0.0003378975971283771,0.769792,0.0,0.9999999999998253,0.0
8.223393115138079e-07,0.0004922021218977373,0.686464,0.0,0.9999999999157154,0.0
8.223393115138079e-07,0.0007169714459632347,0.52576,0.0,0.9999996688966009,0.0
8.223393115138079e-07,0.001044384067961034,0.420608,0.0,0.9999818260266411,0.0
8.223393115138079e-07,0.0015213131395288076,0.28569599999999995,0.0,0.9988041914828366,0.0
8.223393115138079e-07,0.0022160369345938236,0.166656,0.0,0.9739092683657167,0.0
8.223393115138079e-07,0.003228013725698186,0.07936,0.0,0.8086639499146395,0.0
8.223393115138079e-07,0.004702120461365765,0.037696,0.0,0.5362906845564235,0.0
8.223393115138079e-07,0.006849393686643143,0.013888000000000001,0.0,0.24399463883065753,0.0
1.1978692878755266e-06,1.1978692878755266e-06,0.9840639999999999,0.037249000000000004,1.0,0.5319636672179491
1.1978692878755266e-06,1.7448890144799161e-06,0.9840639999999999,0.026827000000000004,1.0,0.41950160324508445
1.1978692878755266e-06,2.541711106269776e-06,0.9840639999999999,0.015826,1.0,0.2731617863376329
1.1978692878755266e-06,3.7024104651496657e-06,0.9840639999999999,0.008878,1.0,0.16335286895979795
1.1978692878755266e-06,5.3931555079709445e-06,0.9840639999999999,0.002509,1.0,0.04900174971239546
1.1978692878755266e-06,7.855997223144614e-06,0.9840639999999999,0.000772,1.0,0.015327285836912674
1.1978692878755266e-06,1.1443521752495402e-05,0.9840639999999999,0.000193,1.0,0.0038529308788066707
1.1978692878755266e-06,1.6669327442483087e-05,0.98208,0.0,1.0,0.0
1.1978692878755266e-06,2.4281552776716436e-05,0.97216,0.0,1.0,0.0
1.1978692878755266e-06,3.536998161940474e-05,0.964224,0.0,1.0,0.0
1.1978692878755266e-06,5.152205920523527e-05,0.9523199999999999,0.0,1.0,0.0
1.1978692878755266e-06,7.505015448725706e-05,0.944384,0.0,1.0,0.0
1.1978692878755266e-06,0.00010932260424848891,0.928512,0.0,1.0,0.0
1.1978692878755266e-06,0.00015924593202137896,0.886848,0.0,1.0,0.0
1.1978692878755266e-06,0.00023196727739595695,0.8451839999999999,0.0,0.9999999999999999,0.0
1.1978692878755266e-06,0.0003378975971283771,0.769792,0.0,0.9999999999998253,0.0
1.1978692878755266e-06,0.0004922021218977373,0.686464,0.0,0.9999999999157154,0.0
1.1978692878755266e-06,0.0007169714459632347,0.52576,0.0,0.9999996688966009,0.0
1.1978692878755266e-06,0.001044384067961034,0.420608,0.0,0.9999818260266411,0.0
1.1978692878755266e-06,0.0015213131395288076,0.28569599999999995,0.0,0.9988041914828366,0.0
1.1978692878755266e-06,0.0022160369345938236,0.166656,0.0,0.9739092683657167,0.0
1.1978692878755266e-06,0.003228013725698186,0.07936,0.0,0.8086639499146395,0.0
1.1978692878755266e-06,0.004702120461365765,0.037696,0.0,0.5362906845564235,0.0
1.1978692878755266e-06,0.006849393686643143,0.013888000000000001,0.0,0.24399463883065753,0.0
1.7448890144799161e-06,1.7448890144799161e-06,0.9840639999999999,0.019321000000000005,1.0,0.32307974300386966
1.7448890144799161e-06,2.541711106269776e-06,0.9840639999999999,0.011398000000000002,1.0,0.20488546137885955
1.7448890144799161e-06,3.7024104651496657e-06,0.9840639999999999,0.006394,1.0,0.12040225456559006
1.7448890144799161e-06,5.3931555079709445e-06,0.9840639999999999,0.001807,1.0,0.03552627767832184
1.7448890144799161e-06,7.855997223144614e-06,0.9840639999999999,0.0005560000000000001,1.0,0.011061459640572147
1.7448890144799161e-06,1.1443521752495402e-05,0.9840639999999999,0.00013900000000000002,1.0,0.002776332069797771
1.7448890144799161e-06,1.6669327442483087e-05,0.98208,0.0,1.0,0.0
1.7448890144799161e-06,2.4281552776716436e-05,0.97216,0.0,1.0,0.0
1.7448890144799161e-06,3.536998161940474e-05,0.964224,0.0,1.0,0.0
1.7448890144799161e-06,5.152205920523527e-05,0.9523199999999999,0.0,1.0,0.0
1.7448890144799161e-06,7.505015448725706e-05,0.944384,0.0,1.0,0.0
1.7448890144799161e-06,0.00010932260424848891,0.928512,0.0,1.0,0.0
1.7448890144799161e-06,0.00015924593202137896,0.886848,0.0,1.0,0.0
1.7448890144799161e-06,0.00023196727739595695,0.8451839999999999,0.0,0.9999999999999999,0.0
1.7448890144799161e-06,0.0003378975971283771,0.769792,0.0,0.9999999999998253,0.0
1.7448890144799161e-06,0.0004922021218977373,0.686464,0.0,0.9999999999157154,0.0
1.7448890144799161e-06,0.0007169714459632347,0.52576,0.0,0.9999996688966009,0.0
1.7448890144799161e-06,0.001044384067961034,0.420608,0.0,0.9999818260266411,0.0
1.7448890144799161e-06,0.0015213131395288076,0.28569599999999995,0.0,0.9988041914828366,0.0
1.7448890144799161e-06,0.0022160369345938236,0.166656,0.0,0.9739092683657167,0.0
1.7448890144799161e-06,0.003228013725698186,0.07936,0.0,0.8086639499146395,0.0
1.7448890144799161e-06,0.004702120461365765,0.037696,0.0,0.5362906845564235,0.0
1.7448890144799161e-06,0.006849393686643143,0.013888000000000001,0.0,0.24399463883065753,0.0
2.541711106269776e-06,2.541711106269776e-06,0.9840639999999999,0.006724000000000001,1.0,0.12622655986784048
2.541711106269776e-06,3.7024104651496657e-06,0.9840639999999999,0.003772,1.0,0.07279689543715062
2.541711106269776e-06,5.3931555079709445e-06,0.9840639999999999,0.0010659999999999999,1.0,0.02110546707017813
2.541711106269776e-06,7.855997223144614e-06,0.9840639999999999,0.000328,1.0,0.00653959921179037
2.541711106269776e-06,1.1443521752495402e-05,0.9840639999999999,8.2e-05,1.0,0.0016387230683410081
2.541711106269776e-06,1.6669327442483087e-05,0.98208,0.0,1.0,0.0
2.541711106269776e-06,2.4281552776716436e-05,0.97216,0.0,1.0,0.0
2.541711106269776e-06,3.536998161940474e-05,0.964224,0.0,1.0,0.0
2.541711106269776e-06,5.152205920523527e-05,0.9523199999999999,0.0,1.0,0.0
2.541711106269776e-06,7.505015448725706e-05,0.944384,0.0,1.0,0.0
2.541711106269776e-06,0.00010932260424848891,0.928512,0.0,1.0,0.0
2.541711106269776e-06,0.00015924593202137896,0.886848,0.0,1.0,0.0
2.541711106269776e-06,0.00023196727739595695,0.8451839999999999,0.0,0.9999999999999999,0.0
2.541711106269776e-06,0.0003378975971283771,0.769792,0.0,0.9999999999998253,0.0
2.541711106269776e-06,0.0004922021218977373,0.686464,0.0,0.9999999999157154,0.0
2.541711106269776e-06,0.0007169714459632347,0.52576,0.0,0.9999996688966009,0.0
2.541711106269776e-06,0.001044384067961034,0.420608,0.0,0.9999818260266411,0.0
2.541711106269776e-06,0.0015213131395288076,0.28569599999999995,0.0,0.9988041914828366,0.0
2.541711106269776e-06,0.0022160369345938236,0.166656,0.0,0.9739092683657167,0.0
2.541711106269776e-06,0.003228013725698186,0.07936,0.0,0.8086639499146395,0.0
2.541711106269776e-06,0.004702120461365765,0.037696,0.0,0.5362906845564235,0.0
2.541711106269776e-06,0.006849393686643143,0.013888000000000001,0.0,0.24399463883065753,0.0
3.7024104651496657e-06,3.7024104651496657e-06,0.9840639999999999,0.002116,1.0,0.041479987582007105
3.7024104651496657e-06,5.3931555079709445e-06,0.9840639999999999,0.000598,1.0,0.011892298407400914
3.7024104651496657e-06,7.855997223144614e-06,0.9840639999999999,0.000184,1.0,0.003673574456083628
3.7024104651496657e-06,1.1443521752495402e-05,0.9840639999999999,4.6e-05,1.0,0.0009195980709411078
3.7024104651496657e-06,1.6669327442483087e-05,0.98208,0.0,1.0,0.0
3.7024104651496657e-06,2.4281552776716436e-05,0.97216,0.0,1.0,0.0
3.7024104651496657e-06,3.536998161940474e-05,0.964224,0.0,1.0,0.0
3.7024104651496657e-06,5.152205920523527e-05,0.9523199999999999,0.0,1.0,0.0
3.7024104651496657e-06,7.505015448725706e-05,0.944384,0.0,1.0,0.0
3.7024104651496657e-06,0.00010932260424848891,0.928512,0.0,1.0,0.0
3.7024104651496657e-06,0.00015924593202137896,0.886848,0.0,1.0,0.0
3.7024104651496657e-06,0.00023196727739595695,0.8451839999999999,0.0,0.9999999999999999,0.0
3.7024104651496657e-06,0.0003378975971283771,0.769792,0.0,0.9999999999998253,0.0
3.7024104651496657e-06,0.0004922021218977373,0.686464,0.0,0.9999999999157154,0.0
3.7024104651496657e-06,0.0007169714459632347,0.52576,0.0,0.9999996688966009,0.0
3.7024104651496657e-06,0.001044384067961034,0.420608,0.0,0.9999818260266411,0.0
3.7024104651496657e-06,0.0015213131395288076,0.28569599999999995,0.0,0.9988041914828366,0.0
3.7024104651496657e-06,0.0022160369345938236,0.166656,0.0,0.9739092683657167,0.0
3.7024104651496657e-06,0.003228013725698186,0.07936,0.0,0.8086639499146395,0.0
3.7024104651496657e-06,0.004702120461365765,0.037696,0.0,0.5362906845564235,0.0
3.7024104651496657e-06,0.006849393686643143,0.013888000000000001,0.0,0.24399463883065753,0.0
5.3931555079709445e-06,5.3931555079709445e-06,0.9840639999999999,0.000169,1.0,0.003374578908611703
5.3931555079709445e-06,7.855997223144614e-06,0.9840639999999999,5.2e-05,1.0,0.001039486400258749
5.3931555079709445e-06,1.1443521752495402e-05,0.9840639999999999,1.3e-05,1.0,0.000259967892505264
5.3931555079709445e-06,1.6669327442483087e-05,0.98208,0.0,1.0,0.0
5.3931555079709445e-06,2.4281552776716436e-05,0.97216,0.0,1.0,0.0
5.3931555079709445e-06,3.536998161940474e-05,0.964224,0.0,1.0,0.0
5.3931555079709445e-06,5.152205920523527e-05,0.9523199999999999,0.0,1.0,0.0
5.3931555079709445e-06,7.505015448725706e-05,0.944384,0.0,1.0,0.0
5.3931555079709445e-06,0.00010932260424848891,0.928512,0.0,1.0,0.0
5.3931555079709445e-06,0.00015924593202137896,0.886848,0.0,1.0,0.0
5.3931555079709445e-06,0.00023196727739595695,0.8451839999999999,0.0,0.9999999999999999,0.0
5.3931555079709445e-06,0.0003378975971283771,0.769792,0.0,0.9999999999998253,0.0
5.3931555079709445e-06,0.0004922021218977373,0.686464,0.0,0.9999999999157154,0.0
5.3931555079709445e-06,0.0007169714459632347,0.52576,0.0,0.9999996688966009,0.0
5.3931555079709445e-06,0.001044384067961034,0.420608,0.0,0.9999818260266411,0.0
5.3931555079709445e-06,0.0015213131395288076,0.28569599999999995,0.0,0.9988041914828366,0.0
5.3931555079709445e-06,0.0022160369345938236,0.166656,0.0,0.9739092683657167,0.0
5.3931555079709445e-06,0.003228013725698186,0.07936,0.0,0.8086639499146395,0.0
5.3931555079709445e-06,0.004702120461365765,0.037696,0.0,0.5362906845564235,0.0
5.3931555079709445e-06,0.006849393686643143,0.013888000000000001,0.0,0.24399463883065753,0.0
7.855997223144614e-06,7.855997223144614e-06,0.9840639999999999,1.6e-05,1.0,0.0003199513646694463
7.855997223144614e-06,1.1443521752495402e-05,0.9840639999999999,4e-06,1.0,7.999696007299217e-05
7.855997223144614e-06,1.6669327442483087e-05,0.98208,0.0,1.0,0.0
7.855997223144614e-06,2.4281552776716436e-05,0.97216,0.0,1.0,0.0
7.855997223144614e-06,3.536998161940474e-05,0.964224,0.0,1.0,0.0
7.855997223144614e-06,5.152205920523527e-05,0.9523199999999999,0.0,1.0,0.0
7.855997223144614e-06,7.505015448725706e-05,0.944384,0.0,1.0,0.0
7.855997223144614e-06,0.00010932260424848891,0.928512,0.0,1.0,0.0
7.855997223144614e-06,0.00015924593202137896,0.886848,0.0,1.0,0.0
7.855997223144614e-06,0.00023196727739595695,0.8451839999999999,0.0,0.9999999999999999,0.0
7.855997223144614e-06,0.0003378975971283771,0.769792,0.0,0.9999999999998253,0.0
7.855997223144614e-06,0.0004922021218977373,0.686464,0.0,0.9999999999157154,0.0
7.855997223144614e-06,0.0007169714459632347,0.52576,0.0,0.9999996688966009,0.0
7.855997223144614e-06,0.001044384067961034,0.420608,0.0,0.9999818260266411,0.0
7.855997223144614e-06,0.0015213131395288076,0.28569599999999995,0.0,0.9988041914828366,0.0
7.855997223144614e-06,0.0022160369345938236,0.166656,0.0,0.9739092683657167,0.0
7.855997223144614e-06,0.003228013725698186,0.07936,0.0,0.8086639499146395,0.0
7.855997223144614e-06,0.004702120461365765,0.037696,0.0,0.5362906845564235,0.0
7.855997223144614e-06,0.006849393686643143,0.013888000000000001,0.0,0.24399463883065753,0.0
1.1443521752495402e-05,1.1443521752495402e-05,0.9840639999999999,1e-06,1.0,1.9999810001669616e-05
1.1443521752495402e-05,1.6669327442483087e-05,0.98208,0.0,1.0,0.0
1.1443521752495402e-05,2.4281552776716436e-05,0.97216,0.0,1.0,0.0
1.1443521752495402e-05,3.536998161940474e-05,0.964224,0.0,1.0,0.0
1.1443521752495402e-05,5.152205920523527e-05,0.9523199999999999,0.0,1.0,0.0
1.1443521752495402e-05,7.505015448725706e-05,0.944384,0.0,1.0,0.0
1.1443521752495402e-05,0.00010932260424848891,0.928512,0.0,1.0,0.0
1.1443521752495402e-05,0.00015924593202137896,0.886848,0.0,1.0,0.0
1.1443521752495402e-05,0.00023196727739595695,0.8451839999999999,0.0,0.9999999999999999,0.0
1.1443521752495402e-05,0.0003378975971283771,0.769792,0.0,0.9999999999998253,0.0
1.1443521752495402e-05,0.0004922021218977373,0.686464,0.0,0.9999999999157154,0.0
1.1443521752495402e-05,0.0007169714459632347,0.52576,0.0,0.9999996688966009,0.0
1.1443521752495402e-05,0.001044384067961034,0.420608,0.0,0.9999818260266411,0.0
1.1443521752495402e-05,0.0015213131395288076,0.28569599999999995,0.0,0.9988041914828366,0.0
1.1443521752495402e-05,0.0022160369345938236,0.166656,0.0,0.9739092683657167,0.0
1.1443521752495402e-05,0.003228013725698186,0.07936,0.0,0.8086639499146395,0.0
1.1443521752495402e-05,0.004702120461365765,0.037696,0.0,0.5362906845564235,0.0
1.1443521752495402e-05,0.006849393686643143,0.013888000000000001,0.0,0.24399463883065753,0.0
1.6669327442483087e-05,1.6669327442483087e-05,0.9801,0.0,1.0,0.0
1.6669327442483087e-05,2.4281552776716436e-05,0.9702,0.0,1.0,0.0
1.6669327442483087e-05,3.536998161940474e-05,0.9622799999999999,0.0,1.0,0.0
1.6669327442483087e-05,5.152205920523527e-05,0.9503999999999999,0.0,1.0,0.0
1.6669327442483087e-05,7.505015448725706e-05,0.94248,0.0,1.0,0.0
1.6669327442483087e-05,0.00010932260424848891,0.92664,0.0,1.0,0.0
1.6669327442483087e-05,0.00015924593202137896,0.88506,0.0,1.0,0.0
1.6669327442483087e-05,0.00023196727739595695,0.84348,0.0,0.9999999999999999,0.0
1.6669327442483087e-05,0.0003378975971283771,0.76824,0.0,0.9999999999998002,0.0
1.6669327442483087e-05,0.0004922021218977373,0.6850799999999999,0.0,0.999999999907954,0.0
1.6669327442483087e-05,0.0007169714459632347,0.5247,0.0,0.9999996537767045,0.0
1.6669327442483087e-05,0.001044384067961034,0.41975999999999997,0.0,0.99998128657465,0.0
1.6669327442483087e-05,0.0015213131395288076,0.28512,0.0,0.9987847575209018,0.0
1.6669327442483087e-05,0.0022160369345938236,0.16632,0.0,0.9736980675670405,0.0
1.6669327442483087e-05,0.003228013725698186,0.0792,0.0,0.8079977966980644,0.0
1.6669327442483087e-05,0.004702120461365765,0.03762,0.0,0.5355576862128694,0.0
1.6669327442483087e-05,0.006849393686643143,0.01386,0.0,0.24356519752755024,0.0
2.4281552776716436e-05,2.4281552776716436e-05,0.9603999999999999,0.0,1.0,0.0
2.4281552776716436e-05,3.536998161940474e-05,0.95256,0.0,1.0,0.0
2.4281552776716436e-05,5.152205920523527e-05,0.9408,0.0,1.0,0.0
2.4281552776716436e-05,7.505015448725706e-05,0.9329599999999999,0.0,1.0,0.0
2.4281552776716436e-05,0.00010932260424848891,0.91728,0.0,1.0,0.0
2.4281552776716436e-05,0.00015924593202137896,0.87612,0.0,1.0,0.0
2.4281552776716436e-05,0.00023196727739595695,0.8349599999999999,0.0,0.9999999999999998,0.0
2.4281552776716436e-05,0.0003378975971283771,0.76048,0.0,0.9999999999996138,0.0
2.4281552776716436e-05,0.0004922021218977373,0.67816,0.0,0.9999999998578325,0.0
2.4281552776716436e-05,0.0007169714459632347,0.5194,0.0,0.9999995678093876,0.0
2.4281552776716436e-05,0.001044384067961034,0.41552,0.0,0.9999783532302678,0.0
2.4281552776716436e-05,0.0015213131395288076,0.28224,0.0,0.9986830022346638,0.0
2.4281552776716436e-05,0.0022160369345938236,0.16464,0.0,0.9726174734562548,0.0
2.4281552776716436e-05,0.003228013725698186,0.0784,0.0,0.8046338484446799,0.0
2.4281552776716436e-05,0.004702120461365765,0.037239999999999995,0.0,0.5318761533934104,0.0
2.4281552776716436e-05,0.006849393686643143,0.01372,0.0,0.24141451259774271,0.0
3.536998161940474e-05,3.536998161940474e-05,0.944784,0.0,1.0,0.0
3.536998161940474e-05,5.152205920523527e-05,0.93312,0.0,1.0,0.0
3.536998161940474e-05,7.505015448725706e-05,0.9253439999999999,0.0,1.0,0.0
3.536998161940474e-05,0.00010932260424848891,0.909792,0.0,1.0,0.0
3.536998161940474e-05,0.00015924593202137896,0.868968,0.0,1.0,0.0
3.536998161940474e-05,0.00023196727739595695,0.828144,0.0,0.9999999999999994,0.0
3.536998161940474e-05,0.0003378975971283771,0.754272,0.0,0.9999999999993557,0.0
3.536998161940474e-05,0.0004922021218977373,0.6726239999999999,0.0,0.999999999800043,0.0
3.536998161940474e-05,0.0007169714459632347,0.5151600000000001,0.0,0.9999994848083078,0.0
3.536998161940474e-05,0.001044384067961034,0.412128,0.0,0.9999756972449405,0.0
3.536998161940474e-05,0.0015213131395288076,0.27993599999999996,0.0,0.9985958226176738,0.0
3.536998161940474e-05,0.0022160369345938236,0.163296,0.0,0.9717227674066371,0.0
3.536998161940474e-05,0.003228013725698186,0.07776,0.0,0.8019024538382221,0.0
3.536998161940474e-05,0.004702120461365765,0.036936,0.0,0.528910983532259,0.0
3.536998161940474e-05,0.006849393686643143,0.013608,0.0,0.23968978343941427,0.0
5.152205920523527e-05,5.152205920523527e-05,0.9216,0.0,1.0,0.0
5.152205920523527e-05,7.505015448725706e-05,0.91392,0.0,1.0,0.0
5.152205920523527e-05,0.00010932260424848891,0.89856,0.0,1.0,0.0
5.152205920523527e-05,0.00015924593202137896,0.85824,0.0,1.0,0.0
5.152205920523527e-05,0.00023196727739595695,0.81792,0.0,0.9999999999999984,0.0
5.152205920523527e-05,0.0003378975971283771,0.74496,0.0,0.9999999999986443,0.0
5.152205920523527e-05,0.0004922021218977373,0.6643199999999999,0.0,0.9999999996700035,0.0
5.152205920523527e-05,0.0007169714459632347,0.5088,0.0,0.9999993313987832,0.0
5.152205920523527e-05,0.001044384067961034,0.40703999999999996,0.0,0.9999711259334727,0.0
5.152205920523527e-05,0.0015213131395288076,0.27647999999999995,0.0,0.998454707085379,0.0
5.152205920523527e-05,0.0022160369345938236,0.16128,0.0,0.970328466978625,0.0
5.152205920523527e-05,0.003228013725698186,0.0768,0.0,0.7977372460208071,0.0
5.152205920523527e-05,0.004702120461365765,0.03648,0.0,0.524429752419785,0.0
5.152205920523527e-05,0.006849393686643143,0.01344,0.0,0.2370957031833414,0.0
7.505015448725706e-05,7.505015448725706e-05,0.9063039999999999,0.0,1.0,0.0
7.505015448725706e-05,0.00010932260424848891,0.891072,0.0,1.0,0.0
7.505015448725706e-05,0.00015924593202137896,0.851088,0.0,1.0,0.0
7.505015448725706e-05,0.00023196727739595695,0.8111039999999999,0.0,0.9999999999999967,0.0
7.505015448725706e-05,0.0003378975971283771,0.738752,0.0,0.9999999999978069,0.0
7.505015448725706e-05,0.0004922021218977373,0.6587839999999999,0.0,0.9999999995422928,0.0
7.505015448725706e-05,0.0007169714459632347,0.50456,0.0,0.9999992059984687,0.0
7.505015448725706e-05,0.001044384067961034,0.40364799999999995,0.0,0.999967636640171,0.0
7.505015448725706e-05,0.0015213131395288076,0.274176,0.0,0.9983532544879508,0.0
7.505015448725706e-05,0.0022160369345938236,0.159936,0.0,0.9693629124175204,0.0
7.505015448725706e-05,0.003228013725698186,0.07615999999999999,0.0,0.7949143639313654,0.0
7.505015448725706e-05,0.004702120461365765,0.036176,0.0,0.5214197990687142,0.0
7.505015448725706e-05,0.006849393686643143,0.013328,0.0,0.235361647548611,0.0
0.00010932260424848891,0.00010932260424848891,0.8760960000000001,0.0,1.0,0.0
0.00010932260424848891,0.00015924593202137896,0.8367840000000001,0.0,0.9999999999999998,0.0
0.00010932260424848891,0.00023196727739595695,0.7974720000000001,0.0,0.9999999999999866,0.0
0.00010932260424848891,0.0003378975971283771,0.7263360000000001,0.0,0.9999999999944492,0.0
0.00010932260424848891,0.0004922021218977373,0.647712,0.0,0.999999999133124,0.0
0.00010932260424848891,0.0007169714459632347,0.4960800000000001,0.0,0.9999988851102907,0.0
0.00010932260424848891,0.001044384067961034,0.396864,0.0,0.99995942065539,0.0
0.00010932260424848891,0.0015213131395288076,0.269568,0.0,0.9981310579951259,0.0
0.00010932260424848891,0.0022160369345938236,0.15724800000000003,0.0,0.9673415298341839,0.0
0.00010932260424848891,0.003228013725698186,0.07488,0.0,0.7891559257070255,0.0
0.00010932260424848891,0.004702120461365765,0.035568,0.0,0.5153455128068642,0.0
0.00010932260424848891,0.006849393686643143,0.013104000000000001,0.0,0.23188229676646321,0.0
0.00015924593202137896,0.00015924593202137896,0.7992360000000001,0.0,0.9999999999999887,0.0
0.00015924593202137896,0.00023196727739595695,0.761688,0.0,0.999999999999651,0.0
0.00015924593202137896,0.0003378975971283771,0.693744,0.0,0.9999999999473144,0.0
0.00015924593202137896,0.0004922021218977373,0.618648,0.0,0.9999999957682445,0.0
0.00015924593202137896,0.0007169714459632347,0.47382,0.0,0.9999973534096034,0.0
0.00015924593202137896,0.001044384067961034,0.379056,0.0,0.9999273812616157,0.0
0.00015924593202137896,0.0015213131395288076,0.257472,0.0,0.9974042868199104,0.0
0.00015924593202137896,0.0022160369345938236,0.15019200000000002,0.0,0.9614151955578139,0.0
0.00015924593202137896,0.003228013725698186,0.07152,0.0,0.7733002378825611,0.0
0.00015924593202137896,0.004702120461365765,0.033972,0.0,0.4990501053858536,0.0
0.00015924593202137896,0.006849393686643143,0.012516000000000001,0.0,0.22267729834947447,0.0
0.00023196727739595695,0.00023196727739595695,0.725904,0.0,0.9999999999942714,0.0
0.00023196727739595695,0.0003378975971283771,0.661152,0.0,0.9999999996018025,0.0
0.00023196727739595695,0.0004922021218977373,0.589584,0.0,0.9999999816140672,0.0
0.00023196727739595695,0.0007169714459632347,0.45156,0.0,0.9999939384674261,0.0
0.00023196727739595695,0.001044384067961034,0.36124799999999996,0.0,0.9998721662705423,0.0
0.00023196727739595695,0.0015213131395288076,0.24537599999999998,0.0,0.9964139836361818,0.0
0.00023196727739595695,0.0022160369345938236,0.143136,0.0,0.9544762595906163,0.0
0.00023196727739595695,0.003228013725698186,0.06816,0.0,0.7563160200013258,0.0
0.00023196727739595695,0.004702120461365765,0.032375999999999995,0.0,0.48223506767462476,0.0
0.00023196727739595695,0.006849393686643143,0.011928,0.0,0.21336756696916503,0.0
0.0003378975971283771,0.0003378975971283771,0.602176,0.0,0.9999999901413013,0.0
0.0003378975971283771,0.0004922021218977373,0.536992,0.0,0.9999997949924294,0.0
0.0003378975971283771,0.0007169714459632347,0.41128000000000003,0.0,0.9999749864231692,0.0
0.0003378975971283771,0.001044384067961034,0.329024,0.0,0.99965791051505,0.0
0.0003378975971283771,0.0015213131395288076,0.223488,0.0,0.9936472256187027,0.0
0.0003378975971283771,0.0022160369345938236,0.130368,0.0,0.9388058025264508,0.0
0.0003378975971283771,0.003228013725698186,0.06208,0.0,0.7224661660801239,0.0
0.0003378975971283771,0.004702120461365765,0.029488,0.0,0.45043610517493327,0.0
0.0003378975971283771,0.006849393686643143,0.010864,0.0,0.19625151109481864,0.0
0.0004922021218977373,0.0004922021218977373,0.47886399999999996,0.0,0.9999978171620078,0.0
0.0004922021218977373,0.0007169714459632347,0.36676,0.0,0.9998925103114574,0.0
0.0004922021218977373,0.001044384067961034,0.29340799999999995,0.0,0.9990375585442817,0.0
0.0004922021218977373,0.0015213131395288076,0.19929599999999997,0.0,0.9882661654161483,0.0
0.0004922021218977373,0.0022160369345938236,0.116256,0.0,0.9155636278776361,0.0
0.0004922021218977373,0.003228013725698186,0.05536,0.0,0.6798698121851867,0.0
0.0004922021218977373,0.004702120461365765,0.026295999999999996,0.0,0.413133820822158,0.0
0.0004922021218977373,0.006849393686643143,0.009687999999999999,0.0,0.17692230633297545,0.0
0.0007169714459632347,0.0007169714459632347,0.28090000000000004,0.0,0.9986329456691915,0.0
0.0007169714459632347,0.001044384067961034,0.22472,0.0,0.9938457999242664,0.0
0.0007169714459632347,0.0015213131395288076,0.15264,0.0,0.9635783864704641,0.0
0.0007169714459632347,0.0022160369345938236,0.08904000000000001,0.0,0.8451232763188403,0.0
0.0007169714459632347,0.003228013725698186,0.0424,0.0,0.5795806001053281,0.0
0.0007169714459632347,0.004702120461365765,0.02014,0.0,0.33429689312633115,0.0
0.0007169714459632347,0.006849393686643143,0.00742,0.0,0.13839065121292538,0.0
0.001044384067961034,0.001044384067961034,0.179776,0.0,0.9810045557698847,0.0
0.001044384067961034,0.0015213131395288076,0.12211199999999998,0.0,0.926076545702387,0.0
0.001044384067961034,0.0022160369345938236,0.071232,0.0,0.771889711386331,0.0
0.001044384067961034,0.003228013725698186,0.03392,0.0,0.4985105202027512,0.0
0.001044384067961034,0.004702120461365765,0.016111999999999998,0.0,0.2773745139223365,0.0
0.001044384067961034,0.006849393686643143,0.005936,0.0,0.11225768295329697,0.0
0.0015213131395288076,0.0015213131395288076,0.08294399999999999,0.0,0.823022876010838,0.0
0.0015213131395288076,0.0022160369345938236,0.048383999999999996,0.0,0.6291188945225781,0.0
0.0015213131395288076,0.003228013725698186,0.023039999999999998,0.0,0.372612802271875,0.0
0.0015213131395288076,0.004702120461365765,0.010943999999999999,0.0,0.19755063474290557,0.0
0.0015213131395288076,0.006849393686643143,0.004032,0.0,0.07762462639278889,0.0
0.0022160369345938236,0.0022160369345938236,0.028224000000000003,0.0,0.4359424959228858,0.0
0.0022160369345938236,0.003228013725698186,0.01344,0.0,0.2370957031833414,0.0
0.0022160369345938236,0.004702120461365765,0.006384,0.0,0.12022518601929766,0.0
0.0022160369345938236,0.006849393686643143,0.0023520000000000004,0.0,0.04600362366643451,0.0
0.003228013725698186,0.003228013725698186,0.0064,0.0,0.12050847944195486,0.0
0.003228013725698186,0.004702120461365765,0.00304,0.0,0.05907571388623578,0.0
0.003228013725698186,0.006849393686643143,0.0011200000000000001,0.0,0.022163258021465904,0.0
0.004702120461365765,0.004702120461365765,0.001444,0.0,0.028487235659411914,0.0
0.004702120461365765,0.006849393686643143,0.000532,0.0,0.010586396700957845,0.0
0.006849393686643143,0.006849393686643143,0.00019600000000000002,0.0,0.003912709536524783,0.0
